{"file_hashes":[{"block_hashes":["A9IRtHrvgvj5Ql6gGkyl3fpwkAXKXg5eAIzgNR04+wQ=","R9+6Xq8nakiCzNbjr8CAMLWbeQchYIecn0CStpUEuDw=","HDTuOr7kzQt8txau+27g25v9zO0ZoJweH+59n4eqG/8=","X2jnE4LQMrRItAY8nY/5AFE7ixMv9buHIXxTWrQJDRc=","53/tDzs/jl3Gd/YRNHw2crMr+mDeZy9JT6muDmWzNP8=","Hl4xzlSI6ZT7lXRHcOs0kCCTvzfhf0jMF5qFyQ9jbew=","LLIOFE5wI6jfSs/XqnIxWvEtLZuOkBuux1Eh7Z61Xcs=","uqHL8jJuEaJ54zKygCr5SNkMMgtnlX02Ukv3MzoW6mc=","lyDnoObHm5BeqRp9nAMM2ZJCoWEnhRdSaMPfNtqrFVQ=","z544btLOlgE01sKGmOHkZUMO9h3kz9w3fDNSY7oznj4=","gr2L2AGRHmVV/7f8+06leg2Od2LOQ4/PbLpBvBU6Xtk="],"block_size":4096,"path":"_locales/zh-TW/messages.json"},{"block_hashes":["8IhfTBmi1U5H7GK/jBH6jgww9jj33maMA0MBhIlOMoA="],"block_size":4096,"path":"ajax-loader.9fc2ca34.gif"},{"block_hashes":["8vCITeDdqbFUKct9aoEdU6vb7KimGeSU6fjkYU+v1Os="],"block_size":4096,"path":"anim.ea6b2343.gif"},{"block_hashes":["ddFohdAyOwIA+xtudo6vEJnIS825KQXH0BcgoTMCLto=","TVt8GF8IMtEPi1IPCrNfCvRC7NidRj6l/405gcP7FJs="],"block_size":4096,"path":"anim@2x.c1ab1244.gif"},{"block_hashes":["9rxo0y81YSb8GKpmEb4PSf42oPJVHTriRD0aETh08Pw=","Q3HjOTAUFPko+K3lybqc3vc8azmmfQ9fo/vPVv4TdXQ=","SvIwozrMG/fcWm5vOff41RowBnoJuYqMZDgKIbwLG2g=","OYlQH+Ov/mIlpTuDoyFBIYkm+zASB5dYLGI/MZpCdCE="],"block_size":4096,"path":"announce-emojis.5515e07b.png"},{"block_hashes":["toxdOXkY2goC1q9hUB9K8478usiSm4MKQJuNyut/7dc=","j0AvgdXWpdnI+5bNP5NlXySd2B3YWkaJytDeGgXqYLk=","uwxaOC9hF1CDIfRdfF0KBdlD2/N2xrYG9g4dVl/J2Vg=","RvW+cku1Rbn5idZYklybpYPnloZ5/33BM3Kqx3pYL8k=","qtc+dCh3T6EHpILeXm+PKdxrbufmAGiAhurlphkQGFw=","k8O1e80szA1Iesxqo8CXOV0WATnsOxezJu3A4Hu4u0E=","drE7sps64v5cZIPCXuGS5QdRSssAZGdn8ocH4FPTT0g=","+b/PRf2QqWXw/1nJ79t1f/zsq6GPr6gNtdda3Q8vcGQ=","GyhHrPSV50OM8fFkMzebOU4TYAdTU4hLDxs7Nq8T5+Q=","uyqY5oofrHdpehi3LJVT5H3RSRDuVaZYqEkvsiyKVEY=","P0+evz/QOV/R9+PsbTaAp0Gt5rG69DJNJ0Md83J2gM0=","DTwMdq6GW3bHXrA43V8xYLzPUEokk+sUgPWGENKAz7A="],"block_size":4096,"path":"announce-emojis@2x.4985bfe4.png"},{"block_hashes":["ORInZz0XpGkhurYEmPyNpbYCrO8UBC0R2eLQ3LJzAKE=","2amKcsjpZlclpWRH5rcH/e7gbNCNDaMCn2CO6SEApYI=","lkEQgUMQaBF7QljH7DF6xKbw3Aev/iVFsq2ZEHcO6l0="],"block_size":4096,"path":"capture.65b2c319.css"},{"block_hashes":["pGdiJR7ZDT+GAymPqy6MPEJ+Zy4OcikJdx5lKk/NDK4=","Dho2fpNTj6f3lTP2MvVYXLOnfBemtc4QbXLzR6gnAGw=","v5AzpkH8DyT7FCoHJ08MxzZSQVza3jy4+zEiVGHCxRQ=","IZHl+rMqMnnnwtNYhViSpwBwtbih/txlDg/JddZmha8=","9qSGsRlw8iOoN3e+2DvGVU6N8u23IStw6K3uRfIjbaI=","bE4nwUpo0LYZcCqXWMyUV4KlFAlmVXcVh3FpQk6CONE=","puFZFc+mY1LyTVBlOYaKKXSLm+KX9ajkkUwD1TcPhcM=","sXb0xVn2SWt4QRCZR5zJwZnnJJSz0bV5q1DeqpyXSYY=","6Q3065s+Z687ZdOacbzLHt71N+yxLeKyPhf8iabA/i8=","5OhCXivDkNsT5lnNjiR8VNtFCCOkw3GaeLMdWfM0c/4=","4NmVr5UEoG73BC+u1n1kdBhPuq1voY87H3B7A0oBVv8=","HMc0uEDNzXjSmJmRheEm2y71IJbJvEXalQwNzhnruKQ=","l3HAxUWqAqlV+sUagkxQp2WNBTz9/mmWL0OqYaSbtb8=","o255njp7F5tG9Gx0EFHYnvY6KAlm6q0J/tsRVZIPXf0=","nxn2H973siFkAUXr03Ym1+5kvCOZcfUSMvBAfmdJleA=","HoPjrOkBqSApXKOGbPKAg387lrfnwpM7LiJP7KpRlJ4=","I5XID4V0W0KeuQXYV896nY5Uu4vTXkTKCO8KBGy9AWo=","vIvzlSpXDcVfYP1FYjE0xoSzhMp8MZXOIj/3JiCWH2I=","fHd9nKOahAuXDDZfItIs7S1XXJQrR/2Dlu3UDGwReXQ=","vCOz2X6MVTb+gs6kyAxtk6N3wEpJdXpDXXSOXS9LEwU=","1vr6/E2w4d+nGGiXlDRU2w44HA9Nd+IMV3zuGpykDsE=","hP2zAk3D4jwnYl6WrC0TNV7EblYCjwYjSgbFH0j6pWo=","pBikaoNzVL9bSZcDU+Yf29oxrk/HAO5KxByhVQD4FY8=","FSNO5UMOaHcH/TyW6pzv5gvOXopD17QmjjrYMyULnLM=","eSLgYp4VuUn6peRi/FY54KtrT7jo7vdbxg7eQRCz+dM=","r3OxIgGTV61kUMB22K4Lxgd19E+djfqqLL2cUiYxxtg=","lMVT1eJ7W3frpBma7//peTKKuFrHXRmpakeUvHSUpZ4=","J0kVfMm/0ARzu1phx4oT5/mom7k5nc7L9Dty6JyWmoI=","DqsNfVc3jt8iIkQsybfAZsESL062NALOXaXYCsQTnFo=","vz8VykZJmZEjRNexaVO7YFPfFGJk/1DdO4rZUqNeiF8=","8Vldn2ZFswQCodubnjitWMVkTEUHjc+hL8szZ+7jgY4=","Dy/fuh3AIO9IYR6KVCkgmcSyheApoXzp53Kd3GzQ9sM=","26F9ORyBkvwlhu51IkhpPf8h8muaeiaCdOWPmBbw3xk=","ohmyOOxUASlQXVf41h+3YraxjWRvKGjqZ1Dk4ORpb1s=","i8DN0TgSqehMsfo8SAlQP4YY/oIZMhbh7oZBgH0Fs7g=","3K65KsT1P/y80WDBQSi4BWA7lKjcTr0ZINf3J8j/YR8=","zshcNhyIZmcL94Y4W/lfoEqCTaEk+gYKjOovprGxg5s=","ETocCyi6hZO+tPiabRgl3Uc6Ka3oUBHNrG21UzrTwuM=","t3e3naQaTBAeNwlMkrOc4QM8xxpm7cyjxG/bORFmGG4=","IR4FazKPMQNAlmXL80wdhJndka9zDqwM+4Wv+a9o6as=","adfW/n6T/MdsGidsiW5iODEmSqOxl5muP1hoBPJ+c04=","EKb9ffJkPF5jPVeL6/xNDVUyOeW8Tt57cc9BGeoDIaE=","IMBLPuyc9aI5L6htJCfJKmCVDfnz0RmocGXmE4olJuY=","uqXWx5bHNJhwArh5w6009kxspI5vYynlwRSYoTwf92Q=","Cq/xXKl3W+HUfASAUSUB9KZyc+tR7iIFxGL7cLu/1WU=","3O4XiOccOf0wE4KpDxCIjfNTa7BalTm090UHuyd8m5o=","EzQteVW3h07OVup7cOeK7V6gQEBWz1ejjO08u66RHC8=","Pg2NEcu7kCwLl4r+AeUmerJk/jC2yGkpQt37yTHMZD8=","jPDywucfXQVVnKNNqxHOl4AViVdh3Aw3/u+LXt2PcjE=","oDtzMCGNWmDw2ZgCphsVZgkB6DxO9fI6GaCia7u/3Do=","zAZxIg1OJ1xFn/RITU17e/lH1bVXzE3I62s7u+ekp5o=","NsUILxKJ4EJ1FK/E6V0cAgHPYke7uEjAsf5s2m6hQpk=","rSEV4nXFD/pZqKPTSGGrX11g0Cg6CCvQTc1B9zoTtJQ=","oQM3RCHoYi3gdRrx9sT8GUyLkLtrYcZAru7dEkswgCY=","3sxJUTf5VZbHHNoqlSn5/v3QX3jkXYNGAM8TRacVRpQ=","1cb8UxJVxEBFc9kbgE1b5eDNu0oW2JAjyP8l777Q/vw=","MQp5LAtlwfnH67Web/JKomvBiqxtTmPd7DpkkDjejIg=","SDC3hgqgD7ifDsvqioTmzfUpT+dy60dlqiVmA+/45dY=","VcjUoDCJRT40e9IcB1AxQX+myw6GfktObdj5o6RE80s=","GAH0pXFWpN9JErOwWkYbiORtCPW924altRZRxPmAq9c=","vKuPXwkvZWOPObIBEsvHAQQ6DDKb/pH1QfegedJHmFI=","tV5kJWuDXNbv+1TeSarG6XXw+6pGKZXRgMHJ3V1gBCw=","zUMvZiDgOlz4UArYU3Ck9WTUmvHfIuu8FIRXVcXl7ps=","ouhAgE4cnkoTjNZ/S9LRrlmzjHtkCLrPYY60GTTmV2M=","0B4lKua0h9fZtZ5BH3pmOfGL10ml+JsmPvpjETQxHLs=","8ntePKOW3qbrvJHLj7UycEeIuGNQsuKXYZw5i65FSqM=","wuffjpBFQEfA/7oZNW0T5FlleGzsk4P9WqZQLrq4Iqs=","nRzr0txkhO/yCO0nKL9Mca1SH8K8SikZ8/e0H/BXr/0=","DLaJHYnQGspCUZM0bnJX1LbO/mY1LdUxrOWrrxaG8Rs=","hy2ky84GgMoP1vc8jZzCFwEbCYWg29dM57jckyGJEW0=","CAVGV2M8Lg/F27WqBk42JhI+JJP+QhXYDwoqyvq6A/c=","nyt/njWqmK7ObkpSvskcXXtNZARUmupiJ/PVFFleCYM=","J8ejqUvcc3cCuA+ll36EuukZPkD6+QYmHIXnEsDejsk=","ToBtcYJFWmajkCmwA3DMg7x4VeFzuQKHkcvNGLoytmw=","zYjfX64YqI67uCHyjMNM0hZURTJdP4WfT/7fSYbn6Ww=","H16Ch8X9UPS3Xch7ahLb1M5B41LpGwG/qpHw3whIv7s=","fKLKXZGOPgAYO4cB+BKa/S+RE2zcQiJq+fWcAKyeltY=","+f81OwZbFnM14gNFdrjZ0G1Sz3GtBfFJdhYiOyREOqo=","EaqdLy+o2sgj9w2GAnvw2CBGDp6oeWPUIv1FGPTO9uk=","Yhkzi2H5UKQ7UPbd6gSDP/z2t9oD49pBOnk0vLn5HKA=","Xf9zL8VmOiYrljhYnmNY6w2QC+2ZIzBBjCwdaeV/cVc=","yC9XrEtw7UrWvI4ZAxDSvTDugf1gLd5xxUltRhe/3Ns=","0VRkFsEKyk3LDE0oD1nPVDtUM/OIP0em6IyzZbdxGB0=","/avIQChslJLWMMAxoFNZwpHqr5X2PZeDXNWBtpvxC7E=","odFqQ8PYt8OaLVSh9yxyNMxxyYK+c5lNVfPop/dz1qY=","Uxfc7RYBaGGZonwEcb1Pz20T3P7nkA6AuUuEGZ7QgY4=","7vtdLyXSDM+Ruu2MBbZU3aIKClhvFzyqAMS+nQB0gQ8=","R7SOhB/cWPoPLP83M0DeG+YaC6fcVO3DplWyTDN5fZM=","q5f4rH1BHVY8pGmWwki0TxCiEMMiLH+/MT2OZH6uJNc=","ftrV3+gQwob8cJnZUrUFVDjfYLd6vYIH1P7gWpEAYYc=","nWu4ZQbi97n2YiBukOufrN9CC8Yzv6pNeTFym1VFQTk=","zyG1HNfhubNc1izlM2/W8NIU2Vlm0Yf5hVwUInCNeYc=","nSUc4tjAqY78CPu73FFmb4yYYW7v8gblQbf6ZBLgddE=","gp4bXPDB1M0zhl9LuGyM2h3lojr5Yd/aN2TMqy3YH60=","CTaS7HJHKyINnc2muhHSizVU3W8mBhfvohqTSMdKXlU=","KO2l0mZJSxDMOW5lCiiw9oiltLBmoVH9DBTNoBdkRkk=","14YcuEmdXwDpSN2CxDahHZdhtE1A/bqwBCXLJI8qVgA=","8jyBlv7U/3Ayi2wCaljLrYz/EzZluh7S6JQU0PPDMlg=","QtcSBTK0jUbqSBIXjJO4W2SGaFw2nvdjfKPDSH8aFRE=","DdR7R8A1rPizOWXOz+p+KJ8UmwkA0TvvDoY3v7AGncA=","s+bDJUGzA+FxzbEeP0AOJ+yKMtfKlShhv+bP5LDD944=","I2a1wD9JECjw2fB0k8/uAGAQfACBZolHp6prQtxipxo=","4XaIPPS1ShuqZcNsK5uf15VYKSqOHGEdBgCHBVZmycg=","EdOUhGb2gGKykS0ChacqIfpdMbLB7I4y5irEVny98Oo=","tdO85CwDv93vk7WjCvlwz0VR2SRgbebOU2Dqk4qxO0Q=","6Ui/ECuuPT7h4OFIFSIMsfReNSd6SL13NLRwYyZ+LjM=","m3GRfx/hy6m5gAfCW3uwvTHxAiVo0VUEPx7QNuJFpfA=","QwnOBlWmGE3PBo5Banf/ewBXwcf97c46x2fXV8o0Vyg=","wPLQ9bsIQKiHQuZdE42DjO9n/YOCUsRXU/VkbCmaE2o=","5TWJf6w48pgcQo6bHBO5OCaCkpXBRLf+7+dnVmbBWV8=","JpHE0AQb/I57jkcHGH+621HeBHP0OP+LfPnVcR7Qgfs=","ooe8KvaT3JwPCl+jOH5ntiCX5U3DVS8vDZceWvyiPC0=","ubzvh0oyT28/3nv3SXrVmFWCZ+gvEUBLlh12X7Yw2Sw=","fE3E6vDfMGzRyeK66tQ2D47eQ7qmnynyoWsuNYq0lw0=","cfNnUy0l6tnC+lccwVPfaetX4L0KLxykMtfisN9yVl8=","XCi8gVsvlalhcVe8uRoEcXy98HY19GTmNDFyHSbTJpE=","NJY4jeQ5GAeTGJ3WtmPkwd6vPOwUvkmTKNu9qdO9x1E=","jsRr+l/wAxYhDhAJ2Sllejk2NRHAvI/D6HDs6dyhQBw=","rRioi8GxsKxcXJVtn/iW3tLxxDtVH0+LQ9zuPRTsm5s=","E44DwWFGkIZqaELjFPfTqDZyidAJ+tdpRBWqL1060FE=","55lirfH8T2NYbAF0towZlLcsANUiWQeaB0qPwsyy0WQ=","z3IKoY1ssb6XHvwPek7zPc21UFk8VdEl7xUvfuHsW4I=","YRvDkjY6D03wS2H5nqD+FI229gdYRd370+leoasx/xs=","OP1Ieqh2WAgAqT7roLkpcj/ZRlgZget3S0bejE90X48=","6996EKzefQGkWVjTeGUkCLo+fBHEdY1GuYm1k8L1TVo=","7iGzcuVji3QV5iq6R/VddBJbFPGJY3lxmfPY6mf7c60=","VzvPTbf4EX0F00Ese/6lxm+ReqnWuEPuNBVW4SqV14Q=","E6zX3ms0/bk1ahb8jXU/CcW93lTe7XDay7DYNC9QIDE=","C4ob8WUZkuHQKCGyBNcxAkk9kgNzI4uqQ+KBFfgUssc=","vrnJeAO9C2RhoBKjV9ZbuXhxEHnqElTWx5sVVCFHitI=","icJJcrj7RAUXEZUJrIlrmQPo6sSwrG5TO3B9mL3F/qU=","n7m7tz/jZ6NSazO35QyudqOLvXuIFVoQc5OB/xwBiFg=","p3p0gRGIA2ISKArhhUuWrETXN4barlAz8ObwaA7iYNQ=","t5R63G9mp/D5tPlMX7MPik3hlqAC0Iw2YTrxdHk4WGw=","NmL4hlw767iGy/fGlpSYxtB6fWmO4m1GmJGa48OEGOw=","Gk8bcihEW1mVHgmTbUtz/OXuiosgGbAmoNzmABA72/0=","ybTg4tsiT0oY/sqd8NervG3Z9pJQCfZwgolvGSiDgFg=","JrjSGrfLX++mj2aMlV5IDvRLLXJCempErLH7f5zo1BE=","EVbMsxTaLhfbCB8EP/tEtgVljdZhZKxkq2ZnGsxhSdw=","sPJ8m4bLngtj/BDU08JEKwBcQXzgAvMW2jnzcAgUEn4=","faqftHTyCEQDjZCWJpZAQ+6VXZ/CyhmN4KXI34R4znc=","34CaMXm3cJ3Nps6wnM7VuZoOewwRvK0ID8aT0IKk1N8=","iT4sPWsGTa7W2255u7bcjf1K7A9JqCbPzVAG30Owh0E=","Cr7ose62BoLQ9H3u1qNFb6t1PoxXP66r45k/uhfsEOY=","PHjG/mCZaFiHVW6ULVTitBShDwBijQn8428VScRApdA=","Fu+O8jQjhgVHo1QtvxBffLkqiJGkC+7F+iw1REe9l6M=","qbVFiy29w64bHgx7SH8/5AZPABJKSFml26TohvM9b1U=","LERU8Df23cJS4tzgekyiuQKOrFYR5uIJayGqqyubyno=","Xsi+9+OJbvDUyxwzQG68dLIsfPHWUY78D9DDXNF1tfE=","4FbKfKws/Mj6DYOzK2K90U6pagi/VuZ/LA4C71nKvS8=","4iBo+adE5ORrluK6LQWY6dwfCN5WV+o/fdFP3uQ1SOE=","wZK7YqFLAE9arBWQgcXU6VBwDRX/KPdLOVLR9mjx2FE=","vc7R0WeUAM+A/Xc6RVzt+G7GcVCTuumQyK4MixL1iiI=","jHth5552vDGTQmY+dd2ssDe+DQw+89iTYZ21QHdOsMk=","jgk2rl6KkNxdxGFQkWAdbgkDLHATahIbleCSOwVS5n8=","/p+yvvKMHuTpG6BWo5s0HdUSmoBIKMhgLiqMlrYrW6Q=","PZRXZu3Wj/VpGvW6JIJBfTBXu1pz0hB7Usgea2vRqZQ=","2LqrR7CnQ0wQKqtFUWfXTWtXIk6E2PYhqtpeEMvLcMc=","BNnWFzEzaAszmn480U3UK2X/gv9LjzUgcKM+4B7XVUs=","NsCewiiNqE8cTolqwPYflp9JUlaVC8AzCOaCAFUDrms=","v7DMrfnHapuBjnBtNpQ0+SpNxfN83fPD4bRIHQxQLKc=","RDD9n3FPeZixa7m97lrCnDnWFEqXnGcJIyai0dunm/o=","wcFbkfs66blM0lByapy9VPQdGZ/4nCEkiVZlxcbCWe4=","LYwbKsqfJmrBFnoCp/zhi7CDtOROiaYNvhjlq/BUxDc=","hciReCFEonRvv5XI+OIVjwBo7tcwuvlJtGGFKWVYPO0=","mhpOPx9pmrcIfRWwwRp6bbes6p7S/7FTsTMdOnEEGwE=","wj+tl8DIVxggrUMWIOC2Vcox7hi8Vw2WAUHSDDx3eU0=","nT753cfQ1W7d+Q26FQ0DPNxQq8feP2zgB+o31yqfqpM=","6Hb41aOxGuZ4EcByxnmj5zLHlZFuRkhLIwrSkG0UQsk=","L5X9SspkRsodAawjCoHmUYywbo5u0a5pq846ghTMr3s=","oX+g5pWZfTFy0CqB4+KdCaZ02OMR2CdmUDV5Ju1R5og=","xeTxvd6rae44S61zVF3nmNylLDVZYvvE31u6hRccO/w=","yaTijwWAwNkFy4T3BRVMr0rtnBuHcbpknnEyAx4ML1I=","G5kybE7lzyNenNJ5ItnxRzbvYOg6Pjvw61Y1L2EZQSk=","OEkhRsaqQdun9K4R7FTBIxgu89sjP3Fsycwc8PKcmT8=","GwE0DJGVrChdgdA27jAYGPyu7gxiEEAMAkNB0Mynkj4=","pTmV75Fgv1e0obh/r4jJo9R1ehjsS1GZ2bIcbX0LpvA=","R7AFLZ3gQ4RO3c+FI5TQiG9lb6svmXQxdkldVu0Ibr8=","ePeN9ryEWtkQ1XTb9Tq/o/rbZ76W8wEvnvQo4+AWg2E=","Vk2jTRNidRiUZVLlXsyWm9M3lr3y+zzSMc6TyGOPrqA=","T9MB1v032Zs0xUac8qlkYMjQ0eDI7hHOMqCmBCwJyJI=","HzmBmekOPR4qcszv2V6wUSUH9c9gEFMv7/q5ur0fPEs=","iOOmT4eTyp2N/eY+BOocIENRLS5Nr6KEyzfpyAnz9Pc=","c1Ssi8VMWqa+4xNkkT2dcYhD2g0IBBSMAcJ7Dhoor9g=","BWVYVG0rTOvOpDDMhWD0Hveo4+j4QuvWAz8xdx1QDEs=","zRDntY5Oq3U07rfvsbD6U6NeBAM21KjosXjN7fr3iHk=","lb2AJuzUjknb0cipHQonjJVUdL4icViKhks/wcYn3oE=","ewCRnreB2M3QHif2nAlNNm5uyXKaA1r+zZDzX6Aeqw8=","IBIN1VJ8pA7of183RS2hUTs1+0gUf3IdUQfFxTYbX3A=","XDTReIXyQjbaCfgtsX2z2RQALJiFR3ryLErkjj72MGs=","OdEJ6HIcd8qO9oHVZohm4hd9g19y9ACwDzq5LZ4umBE=","qlUftbTwBO/oIXw1F/+w8WAj1Y/fpT49BDGsYNYYs7k=","fkREvi06K2KbpvHnD5ELlWRDP9ShU+4DQJj6v91hGZg=","S0yoNLKXDQPSazBwo2lEaJr3gpGVvbWcCnLBcNm4ph8=","t567eHeALwuWD/r1QJlG+/j9+zIKdL9gkoRjZdLroS0=","dHfPEnERo1XFouW0Zz1MCA/TGE+EOR5bCBqnzHW3eFA=","BmDN7486e2Qk1nl9rojwL2PaEEwIGMpWbTCXoiOxgx4=","fEoiNgl4ug2+VrO7VXQCLzzLl54VRFo2EdaHRDGqOKM=","sJX6aqxfm1mGQ3fX8D/VANA2CQdgC+WoKcWAkM2+lks=","Z+Dupj3H71ubYAFfpMpbdWpvpFfk8SkDUkiKw5+JFlo=","I29CPa56egNws1phPMU1IXfIhx12jMDDFJivxjUpp2k=","R5dXg0cACTqG/k3ahcqjC8Oy4Ae784/voHI6iawKFrM=","8uEPKoHV03hLXbAnB9zKjstFJm0IGEr1VYiokeWTofQ=","C4PRlqIzcCbIQ5nluLQPIFKgv5ex53oIc/Q8F3kiWRk=","jkYIfs4yLwgkv0tGZrzggynRSHUNEa3D2XG1V5qqRuo=","nKxMPFPjFCaYSDIH0vf2+870bWZWr+NzR1tRFjuSY8k=","HofaBjsB23G/BH3r+gbYrzeDOwhX4wQdHO+0lCZ8Z40=","v7FTLQfzyIcocmXMTi4RSGAfifONN+nzupic9kKXMiQ=","uArYHwSmX3udCI6VXKhUKbLV93VCy7d2HddaRnPOfrw=","CJvgusur0aCokWbNw6K81RssajotfGpyIHAtp0JpT50=","9eU+ooj7+hfQkhqsdd2XtrbkdJ1nUe2wt9jwopfltIg=","GL5cM3wIEmcbj8mGbd1XTlFV7QJ2bCYcx8BLP/OtQh8=","+b/SnqKjFYUAa88NR3rHatPkM3NzbrQK5CdwieBHy3w=","vJKf21mUUgck5l9629oOfEgtW0PrtQvL0f4eOndAFsQ=","bftq5c/Gag1JRduj3JWLYeOySTCmSWGmVeI+rah2XdQ=","PIVOiDt6cGeKfWwcUa4G50eiFjMoP0F/xE5TCWZgYTY=","QvZb/MmJUdVf8krYqkjUAE+eBlQMVfiB9XmBi09efsk=","FiZ+a6oAGXJPzkNfv9Z2YTdiNiylr4vhLm+JbImmUdo=","l/MLaIF3YQyhGXM/khXMUFPBHGtT0c+X0G59idRu4dU=","bKkiSayiERJ0SYzuAt3hhFkdlINXrH8Hd+5z6evjSo0=","C4Zl95C2LdKyTHGm5+ji2Ej58zTYUfrFjsVIn/NQE64=","ZzeZWAMCAt16RPFMF8QxyZxMrdyU8d3/IkDYblJ/5v4=","5ndQ5AQlVzS0sDvWAHhXnqrDZn9VrFABeckt5qNJAog=","LCltPI5WayDJ8RUdRwsdL/dNaQ4dyZ9lm74Jc2q1luQ=","ZgFqKtPkl1gpAwuGJFSqLT0A4rZWrTkSCoPvi++b3Vo=","0TXcB3YGptKEpH7jO1pZlSsxE7Xylll+HSK4rDaTD/s=","LuF1BpYRULlJTL1D3473cjYw21gRAYAZHcwxO9aoRak=","nPydW4wZlL1+8fu/iyP+YJazeuvEo2X5CaYsDg9B98Y=","6xfyOcukiN2DoZYly7/EsxKCZaRMdl0C9ju0Hou9uMM=","1RP/MHh5Va7FoGftH/eG2rrAldlB383QWp71OUamGGk=","8Yi0ncAXl9Xlfh/CjPeLwWv89RcfCiIyKEsWv90Feow=","mxl75hrHN65GVsurpdo+02S4dcv8j6BdHKNZVCKo7AU=","XfMhKjt7xBVnEx0brOHYaQz6y1J6ngbKGcpS5X0Xkk0=","FeVKp8A5FZ6JJRYvnJJiN6fQJjUkpQmEJM6DQAb6+dY=","sNdROlbOWOyQUnk3JG2FfDqoq+5gDPyUlLdxH6L791Q=","+FO5Z0lfS3NFBiWzKEhJGit7CZxDfu4R8LMFlZ2QkRo=","ublbCX02yw8GxkbID+z/pRy809Xd/JPoTFkXTf+nb5M=","rlijVjNtvUOiO/o/s/8dUpSfEoLv59IJLxFDN3ZPAp8=","mviGWfd25wuAykfozYanEm7NTHJLdOKAljDEgbggGN4=","MSsEyHb6EuT0SKtBolWc7sO4N74n72wU0n0+QcIOgiI=","3NU8Aiv52QHKN7YfVDu5zN3cibQanjOGcxgizmHp5lk=","xKBnZKii7E/P8zCT+ZCJSjdG+p0BLzlPQZkJ1KFt724=","YXAs6Y0325CYCWyN2AYNn4I3Tju3JkmXinUbfK51Mjk=","PG88YQwUCLpi/LmIGET9UX0UYEn2UAy8Y4vi3MOY5WE=","R+eqpO5FPtekUslPLBYwPY3+EEU+BWUon/suTlWwsG8=","Bx6SOvECjViXf0AONbcqqu6/qHz09BWipUmsbXxVhus=","aVEATSt+rZLkjmlyi7zOMoy8s0BPC7gI5fN66t0c57s=","pCqZ+LvzohzW6z2DtdyppjPdbqy20O2wrOPwyzUNcMA=","RvJ2WWr+3gkKlt5lMEspbVyKqAGGWntRf9Wbee5OxOA=","3LT07wixXLOHBcAI/qDMtijmxsmR9iAb3wS5lZH0f1Q=","2jBUNUaFguE9nHnfiAD5NwQB20dD8AiikDMezBhsesM=","r4SxKbKuXavslfnJZndYLH/s48qr2Yp7vyCJVR0vZBI=","9/zH7V3slgjLBXF0bPASOh8jplBwn4pxyZKuTamc/T8="],"block_size":4096,"path":"capture.67faacdf.js"},{"block_hashes":["ActRY+2a+xXrTWqqE3gwwo187rsMEcQAboLyyqfF+4c="],"block_size":4096,"path":"capture.6ac7178b.css"},{"block_hashes":["7a4Su9YkoVwFYjpHQVIy9p4ekUtj8L7h+DS171nzA80=","r4XoTAHhLXitu52DDBmDAcKhnLm7VdhtKb2NIw7dKJE="],"block_size":4096,"path":"capture.html"},{"block_hashes":["47zFKZOFC05iNNIBZbDVOFx5lf0B7kyOZKg6QcYPT9U="],"block_size":4096,"path":"capture/index.html"},{"block_hashes":["8bzyt9ozn8rIyCd0xv7QRe3hBeEftmDqFV4Wi67qUb4="],"block_size":4096,"path":"capture/redir.js"},{"block_hashes":["5dBw5hJgU2htqyczdedJo1gDm7bgbdrOKhbTIUEhjZU=","iVxVaMqO2KXgOJM/lnO8eqroqYyO63xXjvaWmGknRyw=","KhmB2mXtj50XXhECJnszsAKtxXbFxRs0GMQRej4RbXg=","JsAiT3qwnuhgel5mbZU2B6MZg5XRoPvnHmvR8J3sckQ=","ez6tB+OUTkBANbnyxXK8dBU+vKxV0p9dx3lKsQmrijg=","ORhYWj8ssB61HvdjLbJWC0Kh0XRIVfd6KNtWV44MW30="],"block_size":4096,"path":"editor.b6b8744d.css"},{"block_hashes":["pGdiJR7ZDT+GAymPqy6MPEJ+Zy4OcikJdx5lKk/NDK4=","Dho2fpNTj6f3lTP2MvVYXLOnfBemtc4QbXLzR6gnAGw=","v5AzpkH8DyT7FCoHJ08MxzZSQVza3jy4+zEiVGHCxRQ=","IZHl+rMqMnnnwtNYhViSpwBwtbih/txlDg/JddZmha8=","9qSGsRlw8iOoN3e+2DvGVU6N8u23IStw6K3uRfIjbaI=","bE4nwUpo0LYZcCqXWMyUV4KlFAlmVXcVh3FpQk6CONE=","puFZFc+mY1LyTVBlOYaKKXSLm+KX9ajkkUwD1TcPhcM=","sXb0xVn2SWt4QRCZR5zJwZnnJJSz0bV5q1DeqpyXSYY=","6Q3065s+Z687ZdOacbzLHt71N+yxLeKyPhf8iabA/i8=","5OhCXivDkNsT5lnNjiR8VNtFCCOkw3GaeLMdWfM0c/4=","4NmVr5UEoG73BC+u1n1kdBhPuq1voY87H3B7A0oBVv8=","HMc0uEDNzXjSmJmRheEm2y71IJbJvEXalQwNzhnruKQ=","l3HAxUWqAqlV+sUagkxQp2WNBTz9/mmWL0OqYaSbtb8=","o255njp7F5tG9Gx0EFHYnvY6KAlm6q0J/tsRVZIPXf0=","nxn2H973siFkAUXr03Ym1+5kvCOZcfUSMvBAfmdJleA=","HoPjrOkBqSApXKOGbPKAg387lrfnwpM7LiJP7KpRlJ4=","I5XID4V0W0KeuQXYV896nY5Uu4vTXkTKCO8KBGy9AWo=","vIvzlSpXDcVfYP1FYjE0xoSzhMp8MZXOIj/3JiCWH2I=","fHd9nKOahAuXDDZfItIs7S1XXJQrR/2Dlu3UDGwReXQ=","vCOz2X6MVTb+gs6kyAxtk6N3wEpJdXpDXXSOXS9LEwU=","1vr6/E2w4d+nGGiXlDRU2w44HA9Nd+IMV3zuGpykDsE=","hP2zAk3D4jwnYl6WrC0TNV7EblYCjwYjSgbFH0j6pWo=","gg0RHQDyc8xiHLt2pkTC3r1UK6i+NDnMZ4RRvrDgX1E=","x7nCHbZjRdBQqxMZBVObV5T8ncpxvSrkOiOXM72sILo=","G4xb3wj4lG0o8J5dxYM1KIgiEcehIAi62iEHk/F7vJc=","fBLErOkhuPANbcHnzZfarAaQhUS6mV2Rvb7yDZuVbHA=","HMeJ0gLXYBFSFaB0iMQBlMU7heiv6OtzswLE7eNK1ps=","MG9eKqlX6rhbY8Lsp3CShi+GU8QhgYGuKdLqlEW7F+Q=","ymk4wPwI1el6XPZJO3BmgOrpXawxGd1J7MZa8ZIybmQ=","FvKFzycgVo4AUvsGD2gH1AEGt7oXuZn+DqPTRXyyTUg=","OWBxI9po4HxeHKBLDX5yjh0AgbI70uztHqVXF7GNCZ0=","5R6zWE812IbzaFmXlmXqH1qsehI9VYF3B67BNH15L1I=","9Ca0FRbSJ8cRjg5lcrSQiI6ZLLDLqIY/KrZAVcRqIfg=","y/m/FhtBicAT3rCPkthsFdEsR6pw2pzswQyRTisHmIM=","VtWydUONpqDGC6Ox2NoVReyGRxDGAvsM1oIiijDKZXI=","5PH4q3oLrSSntNp4O3YKx8JB39HoJBLPylAgvP521QI=","JT34CM9gfv7sbV+vYmDaWUz7x7ueGwuwbKsywZd//NA=","/fAT9pOBqdyVJiB46dgJ9GWSiJhaaapl3UL9GYM4ytU=","M6egDURcAHecGFcGA6uNcpryvosij/IyL4xxBkIktOw=","MiV8xFDa8FLcENeDTplRj6HKtiojsEbmBLvIrXQomWI=","oVOwqTKDrF/TAp1twGsRloQYt+3EQJfjVSF7BjVe0L8=","R4RLlZPwZKODX/cTUzCG1mAZ1Z54YhMAKqYPLrOXoqY=","HW1+sOamdCnPDJkC9s7NbxWHZc8f6quGx+at0kIyd24=","rkzeKCpGKBBbY34KEqu/+yRgxQgGkff1YInW4gWbU7A=","XcF1+oARFNiPQMcn4vzGQbJpbwX7bZiZpXhceO+WItY=","WRkiPIefGy7wi7Xma0+vGwOBw3Ty5T8gzp1bLzKcYxU=","fqe3dMwWN6yStk5YSsvzUCZSWdGkFZWldqNdQzwQ374=","NfcN04xGQJQGIjz75VaMhYlNGGDgOtscyUIec/AEceQ=","wfOAEqXoBxAyTaI7aGyClXR1dQ00FQFvZkq5ftsso20=","auJ4FCWawqnS8/RkYvmonwynLacClMP2ommILsLbJ7w=","2Rw1plHQA6UxhT4d4lEX4LRwRwKE5zVUL82v8a723rs=","ziGC7koTbC4Mo/IIGLDh4hKgSyIZ7IoYkqyGeqmQJU4=","GcPUEHt1h/WHxyBmLjHDuI0ApDRtYdDSmIcp9CNDU3U=","KhFyqpAZKLUrk5jpDQiyC5xmBQ8nwVTGmnV7arBsVYg=","48G8RXIsWt2esOigzUmWCvt+s+miOC35+6xJGCB9s8c=","yD6nP9YLJ9UMS6ZTrm2aFQ66xeegrZWIfpL/JGJVrQ0=","PGXGct9YG+mJ2bpJicOPBybPmxTmiKGiteUQ5Nr2u98=","/DAKfbQMWChL6AwcCLjz5+K46EYuqMQNOcyFGbL9NIM=","bHYRtq9+97Eh2ghqOXfLie9AZYl+MZOcRP264GyuwAU=","Lkqpt/dERRRHMytYHxko2kod4XZBA51im9Fu7j0k57s=","SOcAKtC/UT29Gaj4cgQ4eWCCdrar2DdSOwDBmYgpInw=","nQzCvswy/8Wd2QYuQyL0yJJJgLWgbBDd99uokQXmfbQ=","XRv+1KHNZ2neiHylJVJei0dtYHag/bJn2BaH0X2W/+k=","YhIRW0owP7d1+/bspUQdNJmcShPq6JpYVbjKwMDWf2Q=","ZsLntfcNu06ZaLHF65peOwLnBhz7MDZjIRbOiuoQm8Y=","g63Zj3DLfUqaFalUCUobGpdPSmUKJUMOWnVell2dJCI=","QsY9TfmA7XrqGonpkMOCw9sCiabj+ljxh6we0sdfbD8=","73byMUBiOEk4WwAk40L1hU9WbQCXOJhDl0AnPT1tgkA=","ZZ7qpsxnwGDe70tm6WC/CXIJ3a8QaIDxpUjaJqzyS8Y=","4J6Drfqj2zOWMwODhjjoQKyzv514G3H/wU1bjWvm/CQ=","9OxpndsEp/laR/Lqf+CeFOUvs5FigxlaXtw3ozmZfWQ=","7a6zyd9m5ZiauVWHkdYPqTnSVd4kikAR1Ygk6CSPBpg=","YVVrBCOxtMvcuYKof1mKLArg49FrhOjETte8CrPQ4Xg=","77gp0s5G/WKl8N4fiX0tpBnnA/t2Y/bDszZbS0NrxjA=","9hH37I4xVT+JXLmBXoKB3KBZgeh22nl7r/U5WW+FzXo=","thHmTsdf5u3RGZNopnnI4AhchfV2Teh3CMjRElwmw6s=","faGQgGrAc2mBX99uPZgDS2d1hjzICGaca0JvSXO8N+8=","PAPs+oj+/s4hkbE3KBvSojituE+4xk/FXOia8MM++vA=","xhoEn+Q4J3OnROXuBgLWGTlPGtoZp6kTh8e0+CKXIxw=","RX0Rcb9YoPW1tZ8Yxn4FfNW2HdhEDccoMeNyPeOouVo=","IkZqVfN0MLG79HHzZHKoA3Fxb308vzkoeNrxtE0T2jI=","HGsWrUgq22tY2CEKGKFZgehaZkBg/DqdU6Ti4aTof/0=","zb5wEvAX13taBpIPESbka8QaLAJysdndgcojKFDyY/I=","c6CUV+Hesnh/o8MfmhhATiWB7SblF4JgiL7Ahs6tFUQ=","hQCc7nn2dLyor1s3vMO9+EKslzdYuhzLPWSvJ76cdHA=","z/cjNoiWqI1Twh+kIiasEDZ6F+JGCJb4HM3MXAcCQ/c=","DPtAF39j0h2qvK3JEbPQLiWT2X1rAF/BR90KQQtnwfk=","j4lzbT5+BlcG9kpScydoxtloCtZnsKTZo/Aak2qDLz4=","HRkELoZU5tHVz6UKEGZVj5QAJ9BRdACB2MgYid7MITE=","ebazEUh2RBiblK+KCfQIxnSfJ57vybUVZZpwqbYrjds=","cX8trq0s1EXcO2AOSVGRP6QvFXgokEQV/zQkfr+NzC4=","GgLQtV+e6rAnHG5J5VqIZ5x+VBQT4Pnr1JZ77k+rn3A=","kjVxV/nWtGiIvI7kkYvzrWCK3/uN8WbCyFcNZrm2hLQ=","qBVgveAbka3Odj/WftfFcB7phKrpbUNY7MYZqPxg3t8=","Z3DNYPbMmgr5bo2CkjSxpAl6AbOtpFVlTRAIQPWmtBI=","KLxwXiAmxKKQi++H4GhTa3Rn5gA3qoI6vopBq4IL1J8=","b5MGbGVkHnS/5MtAqoKrm6baZIoMFTcxrs8EH4Sf1ZA=","t2Z5TEFvpPYNUOFMh8ycF0xhs0HySbJn2meODoXFUeQ=","Zf90AS8oL2PhkEREddHJRV378pnKRXgGILynwDuToX0=","ZAqFSO07DqJ8v39Fff/0n4niMPtq2ywFGhHiTuH4xxA=","EEgyQt6T+ltPK3mQJS7RtyBzek2Esc2exMxeVe41s3w=","GQPXu1glOf3RACmmenIErUSL4uE72KOituzaWWHOZ4k=","HpPInLyOFO5lCCV48w7hxKGsjM/IrpuMaG9R5pC0Yrw=","/PpFd5K1sujY9af1EmyfXh7fajg/fgn45tRADHLqOQY=","zyp2Nr/yD59QIWsQwHiFxzgq+VOBVQWHo8InjDGDWrI=","d6UNtf3sYkQGPOVrzoxstLNU/9iqDUaEsoGlRPvgl8o=","AUQLnUV6zUZaLPKoaVHIHe2ICqBl+fXRQB9MYAXUzu8=","l5Fp6vC3cVLcgUOCDfRqkyvy0RFc/eBxughij25Elgw=","a9ihpHi+1PcnLYmonTJi4pSdodbYnk6j/WyYsPLlIVM=","WOc+SbyuQqT1ZgDTcSL9HYriG+zxUrAV4/aoaBSPp20=","5KJhoeKv7jFQBBg6s0zsgbFWEdwZKf8Lq06ddFY8BbM=","SF48aVDK8OqdJRZ1gfGvcKBTGOmJ1qY6ALWw718thcg=","E7LF6qCEtZGK7H32NwNZDbZhq34qmnnB9hVvJRBykjQ=","RaPjQlk/ncjUKqwQX4g8rC8ibaJ2Vv7tK8VSvrRm5mA=","U7lUGVMz6Ks6VY2qwolYaw4xMxD26DDilAYve8fsqAo=","ciyifXrWySH75rwujwudrSllKWP1EpPdNOljGKm7CLU=","JcEH7GGG4bLWOGMjDSh2VuQI7KvGa2uX++HnbyXmFg8=","P+BPgfMPNR75r2U7fP1pzUF3vep19il2BUTTJ6gE5Ok=","9QA8eU+goB0VNIibF+d2bDF13qSxHEs9Q8HE4WUfB0Q=","HmeNPB/wzLxSbC7ZVbk/V1FW+ca94222WSrUcsqH4/8=","i0iIhEbzSYJIXPF1qMOL+PVpVLp+a0FwUq4ymF5G80c=","KFSzsLNyL7vaszv5z9aj48mUeUcWUbPVQYS0tINrONY=","zrmmw80bWIWfw+WxG+DK8XYAkocpzPctFE+OrFcdW1w=","S1T4nEJ+CD/Mz3p/KR7P2z8iXSgvzpw/L9ykIzd98CY=","KI941QxMzlcNr8WxWKmffVQyIt9W8JiN1ESehBUSlog=","wWmD3Qz8O1j2DlI/E3gGGw6dcK8XQv2NO3SIBgbkyGc=","pscngOOBz7tJXGAF23pk+oB4t+R5sAikwQJ8ZKt/rxE=","2ZJ0zp3R0LrqY4cr0WoRLYVz/SzK7zpI0qKYcFyTxX8=","OHUVUnWGooSjrp025ZlTU6r1AWtLXQ93ZT/8ifH3OqE=","X4nk2/40dFFPHGUmoCQlKCqSesPDRjnkPKHAXEEtl9k=","+JFl861Uc6qM3IR1f8AThkQsQDlgiQErcZ+glIxz/HY=","jHuGuZDiYXTEPzHurZh2UkTOtOdZFfKTfMHPIkMzDMQ=","a9VD19f1zcp0xTPTBjXY4LVcO1xUDXFclgxCEtxFQWA=","6Wbc43+CpeGncADN8H8CgMXHFwjNJzeZMtzA8g/MZuc=","E/APF6mQai7Ds3mRjM/BXeG8UOFefW0US28MGiwtMlc=","gzqYgvsRzSsCvJ3Mid5yH1FC6YJTwpKEBHVW7GpY7vo=","WaghynLVjg5SMlPZ5gyWzJ3wRQENXx2gcMWTZxEOHL0=","qU1e1c9Y40/cHaihFFKcbvb5oKV0+yRhpPwHEj2nJ/8=","K4tzDXBFcoApuLJWp1onNCkfxt1eVWdRf6R0kJlay2I=","l/qSZoO+jhmfkv2PeOZj4PM9p6AMcBDFW1mAFZRlUr0=","DotMnQXDTnu25wfB7bGjqiu3tJFST5gF0noL/ux9OFM=","a38+xMjZ991NFq8MhjT4/hXI3uenfO6qMbsyFYjiMq4=","KIGH1hbQWGTPp3b+KO48/KTcrbt6qWLPDfXZo58p01Q=","H3YkmGyQux9jIHsSnkqax+veGFOd1Rq2Gzjcyqb/L8I=","f/vL+lWc85or74dBlL7lzuvPhyGebPbfmmG8fcPG6to=","OYkZeqoiZJ6vaRH67GJ00j9WOWlNKFvDidPUvuDQK0g=","qI399B07XGaXcBebGrJAn9GgnmiOWb28AmHETzX5Jbg=","47abl5//Os54GdpsJA63z2krWfZpsb5S7sVcwaYebxs=","AZpXN7NRnLQzcoP7WrjIA3JLQwywDo31svURYGXG+TA=","+QT2hal+pAFSP/CzAardrVqu3vm31G0hBAC4ugjUlo0=","QtIs5MU3JBEss8P7Ckblc6CVoN4gB5+SzjfR1fR9jgM=","JT2kkFE1qzSv9ZPqoIejtf1IJdPsWSmutrpe85a/4eE=","HQ1Iku3XH2R3bEJd+RpfF7lQ+S+AEp2Z9/jifSIk9Ws=","6wMPWXM72erAYvT1ZcR0HMicxOIZSg1NcwBUwUUD5m8=","eEb2iuxDdX7X+8jIeqsg20JAhTnpFOdU3JM7DIeqfaU=","gSG63RJdbLM+capE0wUUyVBgFDTS5KyHEwlVYSR+dR8=","Sc8VShbYGMUyd2YGb7KzSbL/yJdDxNWnhfLcPsVjAmo=","Mb3iggcyjeVw/c0/DEcZfwTvT6s8qBPEImRHW9RTsdM=","Znv3Yimj1dTB1SIQ8H4vFRVGAox6g1OkV3yiTlaQ2Xs=","FS9knl+tQ8xO8sDJ52byYDGh6nlogtcgRqiqPXiP71E=","iy9u3Y4EIejHlFyVeo96HJcNvRjXs5IRpFg5ut2RYYM=","Vq4an0Lg28TZdarSzdaeilv4J7TjfN7BeoniJKoOxMk=","VhJ33XkioKbTCxlSTXz5wwv3InZ3JyN+5uQi3DPSCyM=","gjHE2sGj2jTrBOA6UPTVpLCNwrQtwk/eDczYZVRVee8=","lHeGnKwJifwWeAAdkQlPq0KDetpFBW9yYmoscgG68EI=","YyNh58eYoyeJshQjFJ15fgrg5fJDDO6wY8+gMdqx8As=","EoMDR8uD1GdWfgW5RlvhON24+9SeexiXNygccXcxtBk=","TaagLAZxsCLFFLpvn0UUTIU0bTjoBnN4+kM1LQ/z9YM=","yM1y7LFnMGCMelV853D+oHxhhgn/mptlWkh6K62mlsY=","xJi0OPABJMVczjyaMPUCk+uGQuGO24ZGak1k7O/ojd0=","0BOfVUHoLLTw2rW60YBvMnR4JMVE5DGxfVGMDoCmIBI=","+R7udr02F/bb4mwhgxOqfSYiMfUE/J29Dq3kZJyyIh8=","6J6nzOqQxSy+OA8jgvRYNEoTOjTc32Viy4826eAnbsY=","Kq88jXNfcq+Isj12ujqQiOivRZKH8nN0gALzDfIAsJM=","np70ricoBEC/T9wBaVvt03W5e75N79OPQzSmQSS6Qmg=","wd0gjPqlXRfDjENb66Nw2jG/ocjB7hBv0Y+KLvHS5os=","NTLzeVLb2NnoyxIFPqF2BJ7zDHntUM5ZkndEkRr40jY=","/rz86frWOgkd1+1s/HAziG6o2eGDfzyVFqoEyX0UgAs=","Y4Ft5caCML44/2oDiNWFAFDcc4t1Wd2+NzPLhpexQt0=","C+Fr4uYjkzq4C90/U1e5Ma5cJVUSx1OG9fNwUJY5Hio=","QTJhdhHS3UpS/tBbMzHWQL6oMo239wezb9cyKgVHgAo=","PY7/15mxAfBisgbmiipt9EI/wC7zJZKjYYhMmfi8UEo=","fGpxMGuuhwRAHcjdwht2Qz2hTJZhQH+WHPvcbtG4FiU=","v+v5rMv+yePp0M8CbUiNDQzWNtHYp41b+g0wOM/Hg6c=","DkS9atGrj3OsIS9dnZnuzLGfYUIHPhm7lQInHLyKwlw=","cou0hkukCdWviSwuBf3sElp7mhgzfV/kgZgKUIMj5ks=","Obat2RUQy7riZWhRAsTNIaO852fRhHUnEqtRABEPyzQ=","7ggPfUYpChdBZrNLI6WO3eI/V3yCEZhwYQqshurulg0=","owyULWzULdRm8wNLMJxKEKt8yjHd6iE2l0J4s4o5LU0=","KjNmTQEhK9TjryBujq0HbJBVwdJlCOC7RMYIhFt3e3Q=","opQEhhWE8GEW8NEOe2/HUWOJLdx09WTfqPTXd1RIX70=","NPpKXyJoi1Jw91LlETQbYST6q1JqdEmXLV+sOJ0DPbE=","8/9DFYysTl8vMkHbYA5FwHKbRzvz3399MCKE6+uP9pU=","Ew5B7/MmCtSuIqsF3danAFm7ISsbLx1DGXIzzWkKfQc=","+3VF4pA+4kDQciss7/UQrf5bexNSMRjjcVkd2GaN6/Y=","QRzEdCvMiAn517vF+y5yVDTtejQgY+vlkSWIIkimfNg=","5AQLnp7siO1kfwJBHilM0fpnuHpr3lvhpkDiTcYsp3Q=","/rDiz15XcvLoV6vaWNHHx8EyRzQYW8Am7Giuq/MJu74=","tEulUQQWQC/6fhZH/dYPtZIylmbsBOt7gK4BGItb0sU=","Xor9ywJg3Ie3ucYOXHkkll7CqydE/+zNupEBH1b137w=","zvPtAptWgcMh/cy11/US+/1ARETiL0YZgrsGms6tY6c=","KR+Z1ApRT3YAgq3HIwrNfBWDxOtXJndfYJyJK8u5e5o=","z9W3Qkw+GTlBM2EJ9PP4+Ehgo5x1MT6MkuRHg09Uv28=","pBHxapuOZqkrBoO9824+HE57th6wF6BjqKI6QsDMhPY=","VxvAVpjXMMDa+D1LbrdbKXWOwJLnKpkcECFzTbtZh7Y=","V1yTjax2it7BzoRr4KNODv1ObwEtn8ZATuDIwTv3Mt0=","UB1Muak9TP4depRMmihnqQZ72dHDRWPIogMiQE39mow=","r0+GxpNrghLTVMRGIBdqWy0zzIV0Ko3fuRs+BLEK3hk=","Aetv7jdF1lVZaX99WNZ+vfkbXkf0kRGJgvHahr357JE=","64skF4Bkf8N+Apk4F7rnpB4J0gdK2Wv/MeuOE5uok1o=","XPoR8TXdAGOcxE4JdFWGGQoOfTd8Rs5IKJTpektkFuI=","lU1KugECajyae6oWe9wSI6jBXoli48pMVmVyYZoKKqY=","zK4IXNSENkpcagdNEWlRAKlWyasQwZAardLJXTQy7nM=","yR2xBjC/SDDBH7j48vpMYw32iBjgPP6CxaM54zlhKMA=","NbQVu4l6UzkGNL7gKWFO1UA3LgumpnQp4w2k5gW8TOw=","fuAl7CZpoQFe7E0NX2vEKZhhBkGV9yKAwQCxXhCsEfQ=","mePzsYeosXHI+mbkkzb7Y54DF3UKTe0hF9tNv/jWd90=","3Xjy8gPCs9Y+Ju7gmluVYN98ZX4RoQ2ZE9MEJyYHkX0=","NTgZZCvRU7tDxPt1wgyFz8BMHSb4dcAd/J+tq2lBPfo=","gRAQCOD+sXpK+diotC0YZv+2l8rFj4Np+3P1pxgA25k=","ULN4g2cpBCCvfOQQ6EEDgbGRCx5deBbXIzWQ8jXenS4=","lfbuf1Cc/cISti9fmaJT4g2vCU6zlTiScBjoAODmMFg=","ZgaoP+gkqfkeqN/U6jMmUaZGSncW1r6fBGwvLwzffPs=","kvqeUfQCmGkDmU8NWsx5JAWqxwDcqGODtIXGk/83WBU=","AExFVOWdMOi9Os1l1Ni0qsM92JqD6kYlzoEtoNDpyCM=","r1bln0MJgqSESZqBoskuz3bpFuNsNdVBclhh8PiwLj8=","5SA66BqTmCCr2vO8cf6lfxfo/vuZBc+qxARUwlMAdTE=","FrXbUHc67Iy+r4IfybXS08iuwvwVGx23lI1FAu7jtZw=","V4WQw4kiVaCAb6WJQ3mKnlm43a6vrFPf5zZTyGGWxLE=","cev8rTLkncxRWEnw2dps48nvDE+9QVeVivPtIgqo490=","bAdw/9xowpYc5ReVAkAKY82e1sZ4WeOtf20LvNcOpm4=","QH0rGAY4WxLOAysKspuPmLcYRK5Qp+tZRRw5io3bUUc=","hkNmzekUWFSz2rBaGzoaVuJETb21O05gU/tt9ORmTEU=","FsmrkxEFAQ86DtvA4vOwfjNALfrDbYRcBa8gOF7DT7U=","+1x3aaTUsbBW22AqOtlkjDLA9xwx8BgKHECNAvnHjp0=","cDnb+9+18Zh3ivFpd0V7vIx7Sapuv8rxxjm/aEfrw8Q=","jz6xRiJ4icmZW9LaaqsfRm2sItMHjt8DT9hNzjCcl24=","FWYBnXuR0btUZ+JCUSvA61YrohTVNLjrw68HToisXlc=","89gfiq42ZNDXxDXMrr37LUeYSbKBI/6JmZJsK7W+Zgg=","iUaIuzI14XsfR0x0oPIK1r1nlGq9UIPmgD3ZbxPyyz0=","6gNPi/JDQngw+K0JQjH7W92jKkOT4x4Fghs6gD9Ks1g=","J969/C9P5ssJ2BoG9Pj/g7ZJsnr7XQsHtM3aN97xpjY=","wnmNXNa7ftt9aUC0d9xXy+t816ZL8A4DXrkmVCnZrDg=","VcRRKTL8eu3o/HaUa5ui9+xerBH06tBGNXTvrZLUHWA=","ONr+rn/kUZ+x47ajwU3BrvbCAKn//NgJ2BVGi61d/J8=","Vb++ROajyPZPRuWGRP+wvHI1gSTzrvYPntpNdjW0y8A=","r94cz1INj2X0ZPcThQJBv2AmriZrGsB0R8lT07w2D3s=","opZyqNuklHgUhObqfuBpEBPzD2yDIbFSnGCNRJ2NpmU=","mir1o+lSgYoMfr+aB1bPRQiyKT8gulCdImChTMCwFDk=","5y42oRanjCmL+3AvzsV3gylLv+p2YiyFBFkK/rt0oVw=","lnKD2OuqdY9hmyI++L6gazjH2+H5agjgXNhYDCLftes=","iY0SiJDM1hGIcjYm4i+yox77UjeC9cEMwzqH8vtOhak=","T2CzJZuG0hyTFgOyT0CrR8EVJDBkX/EqU1WaBw32+7M=","eMrYihrncayuBY4gLGq7cyNYA3epfRQxqk2WIG5XP3A=","qxT98CCAjjC1faw1WyWVTiJU7SzjvCBSTn2uo3ohL+s=","oxOrDBXR9dHBdzFHTtnl/uPu4w6eqSdpOy4Xu7PS1tg=","8FWnU4iSHQK4ekkS6bDCI18+eRhjKUAeMFmUrj+qZbE=","LzLBk9anwOeodcwlHbnX3clYf3smHQcA2vaVUqLU02s=","HQf095Eb/eVltngRETDc90C5eem4f67dnpx9sKjJFlI=","yXqms52eflxV112Bu/eTBzAqx3j2SpjesRcp4QWXmgM=","hTQGw7rF2Bl8ZtwuWgF6O4++PMZxvZelCe20jTd8W68=","XSAR9GKkpk9tgvpHgw2IMTaQWzJUkZRbeH7Z064NYAE=","DEyHEb68mPkD4jmkgIUW07M/hEpFD+wGdNIrTLaGgWY=","XVuQAmRwBFnYmtjXj+sL4V1jr2pNuh+YvRueb2SHo0Q=","iDIdFE/k4Hzsj+icuXgyQ9kYoc1NRzJ2x9vjCOZIeUY=","ezGJuxFWO8RDshALpVsvtrYFaTsmZ2Km2/ngoweW72M=","9qqwFz0DepyWcU56KcbgEbq65yJZW3zNzODjW8MxjhY=","ldzq/CxUuAu06sv6+8mF8JiY97zMGMZwW/kiNn/jqlA=","44jQoCBs/3KferRKBSDMk458N7pxBfev5WinZwdUsKs=","J9/2BtAAFoiKoNX6VqSsXuCg+3GEQ5k3apa6Ur44LFI=","b1g3HbGoiygB7ptwApttcNT0R5LG9WRHc0xcCkrNtwg=","pmae7qoygUX/3yOjr/u5w+6dOWVMZiq+AhI5jv0mo9g=","p3Qg326U+hEmDUIbXaXpr3GjddcZ5MV+HvoU8NkOl/8=","ViaC8C2gSYsITbcwovZk/JySgjt6uarbYhMcWGNDHhg=","0ZPFGoGcBiMp0AuJSiac/tL2K1FYC238BHY8hQrhp9s=","MILQc2phMFlJcjYyKCSFTWNMdRmTz2CKy4o5Pe9RhRc=","3r8c9zBG4SYHrAGG3dNvwCzJ4cDwdsODfURQjYxXD5Y=","inBim5Ic5ZbVT74wAYhvnOCgGI0wAA9hv8bEH9VDCsU=","0FaXLfm30srwM6U2kZTexHHwKIEKIIAUhvOqidVc6LM=","SPaaKkWiIVeBZmi8ClwmmC/xmQh7IjNv1zIMThyohWU=","Hv8yOgLOzR6lJgWwL2AmRfRx3ztYAGEg3uxd4XzFsSA=","1GCmRzWrUc1Cj7nL+F6OVfDt5kJnPWTc4j/VZuDXJI8=","ZxKkoY9pkBGiyXfd4kG7071+Cif+olAYYcjTIBbsjz8=","AIWvELKhoSGaB0IEAUTKc6wnU7OsMqANZVYORwnJSZE=","n9csyfX06pkC3q/VJ7KlSIC1yCNIPcGpSt4W/LllGbg=","1ZdDURd0zPvTjFPf+Qv8AgHMaWI2zji2FokU08F5KwM=","si+dxn2yxISu+8pqDlfjYUGuM/1mKDxOtbHwFu0Pl3Y=","c1kxYUiuXawLMKwTJxpkghfoBcDCBH5Nvb04eYfozL0=","/3pFt9IgY4xcbuRAFg4kLGtlIr9wF8wocAvD8FupZns=","zgYuZsIPiW+WlzBK1RN2ZQ1OuE/mM3+aF1n0NbDyHLA=","vfTE1GzZwgsqIqSmCPVTJqrI/9tHMZmpnoQoV7WhAC0=","/MiD7G9asGYyz8evdMAL5W8+ohdQLhGN1k6x1KsAmxA=","Zd4zqVKWy2IaTSNSuNoXZVgEYfiVhAqXDPLeCowBIR0=","9nycMvqTm2hWKrD7laPCshnOaO1DlYfAeVPJboy5f88=","boXiU/RutPtpiftEkVeXyW7ZKrL5bF5BbEgqvXnpmQs=","BvzPYZhXwzZLKEJ0n2VmhuWJ3aZ8ZJzbFJtlK0elz64=","+76W/wTtEA2zO9Kl4KmkN4r1N7sLfcAJmEJNDueoBV0=","zYFV2aAHIK3bbYaCpE5Ym6pm1T5x9R/EU2WmJe8m96k=","PqX6tmqK4xmFi0fw8KBLK53Jo7KDmmXg1NXMVy9GVCs=","Vvaly3kcHvvi2h/8EFgFszzc6TXiOTxCxq3cfPlJa9o=","H8EZ6aIOwAm7uFkQqhNe26gwYbsHqi55kZcuhTqJja8=","Ek3W8K0nVbfTyQc5JZ2+LzL6l13vBDLitsBdo9ypbtY=","ebplawR87bsB1yj60acPXhVG0liMmdd2OaS4+ztWM9I=","evTZz8VCLTwhzPiNzfYKywHRB47wOhLp5pbcV+BDVmE=","XFRqcIvGoQdcXJH9nz7zfhgTr+TNbXsgExMEK7uv3bA=","WG7bNwG6ZqGITBalHyLyMB8zMpUNKqu1u6GIP0cyV6c=","hGnrHHYVX/iHOTZUdgvQlLUMEQ+R9FCaGe3p5RURlNE=","Lrz9ShShtZQ+wr/ykS1nob+zYIxFwXPFE+Fd/uUUdzQ=","8g8uJEXHPaKrhljHxCaxuCcB6pR4HVN/gDO7Wzj1XxM=","6HJjxc77ewvR+JRDr3MT2Do5eTWx56fpxgKdMdOnpW0=","qp4swIMWge1E4Mo3o41X9pEw+q6bd2ELcJCBCTe0v3E=","ORlh/j/ReqOtKut5cuy/7XRlXAhy6rMgy9l8RIN+yR4=","UVQBl06Owwab2E4FjMh4cs8lz7TuNyWT9C6YdyJa8iE=","wfsn6SIn7os78Y9GLit8mRdG1xjIgTMzwcuKy7/fSUQ=","VoKV9F/6u87yyZAu+Dwhojs7qxBeb03N/wriMGtc6bk=","491xq7ZBQc+LYAGDRfc9n83y6DTRFbRL3BVa6UM2th8=","5LXUs4rqfwTyGOxEY6AdBAtEBQ2i+MaCvtr1Q8Dmeik=","RHzkBBLCNdAxU/I2vhpSugdLBX9T5u5cYD5VmqtafLU=","HRtrvQ4NezLpC2jDaWuHQhOFsEnzMLhUvkvHQ228kg0=","mu7IeYeLFS6f74iG6x6LooFo637f0dArL6GcgkwQLZU=","bNUzCicbfuXLgahc2gm2m+GH89fB9GDsQE/okIxRbK4=","0sai3DsvDQ3g5ba7R2ly/dFmaiUoApO+6mJaK9Lmvjs=","5SorZnYfyqq1smZqq3fpOXbuA3SHUV25duxZ9CCuMv0=","2KWdi3b5rLWAF09xE8XNNGsuKz8UjgbNcRbGhHUSpx4=","OM+AyGKj0W7qTaGzc3s6z/inSZlswTYq8TYmDyjlYSc=","CUfvNgN3h050RsrNlVx5iS+K1cE1jiRieVTdqOzwMf4=","80fN858eV7Znbzu0mdxUoG5Sym17NkfNVnRsniTvSF8=","4p1f+3AQkDC1i5byJWszbEdyQyGcCGSVs1RW/idbOLM=","uX0z1cdIZO0EIP/aWlhJG18prZjlSuwDdev1yCpTb3U=","UaBRqIdJM8sWHkad2O6vp6ywiu57dngn/wvEfaYd3L0=","eErUUDw+AxCcuj+o0/Am4Mi6ISaiJd6mx3Zi/xla1Uc=","8rxjZBT7valnZM0YHdDWDAXZ+Mu4gQ9WTKR+SbLu+FI=","lNL0ze5L/iPpIVbkQWijM7fUunq0pj+Ezqo7+3assTM=","uYqT98lhqYjLOiVNgTOK5d1go5Yd0Uigq/9c3pp1zBk=","Nl+OudMX462fGHsGmZLSLLr2tpruk0laLjzJSh9qa/c=","GpiPSkyFdCnpFBK6rjcpU5m0X5G2Iv7xW5f+agT6j2Q=","Io8BtYJ7jE4/hpMNpz3BRZFeiBvY5KkMFbWRDmI9bjI=","CVJYgkTZrWDwEyPY8wat5JSzX7hByTfeYiAIaqVvJP4=","0NpUkO7xfsSpSK/17agafJmU87NFWFmNZj0Rf8qlNv8=","WhfIL+APjEq6ydH4OXQ2YtTb0RPiZ1bBBfk3iy3c5HY=","09Rzxeys/DXlMF8BCItoK/iPjQ5hMns9Ygb4rwzMUjQ=","kYBejSZkRAf9vEGcrKReLPvIkJZ1vK35IUKIaAWU1jc=","F7JBU2VjQ78KWRgawyO8NhkeX/bK5b+LqKF3oc2DcTM=","0oqFBjIRyYcSkF3AbcD43UXpMQyzfbKlT6sqvYDhGkM=","nPyF0ErAzrJ2u7g0jNRAyvr81KDsAn/RiDZrq+ojBDA=","re9z8+EWPi2iITKK2DaO6wMZE/6FITqwS2lgEa6cHmw=","FdFItubodMZDCX9DiF78atZ1eyYRwo1LijHw+ZjS+0E=","qlWli8HCF7ko7aXzX/Hus5ZshmKoe3zgoZ52x9yTkmU=","0r1VVcPUjF+DxOmPkStRGidBiUzs+IPqTnfBqd7+ekM=","NnezT/1SSquVXGxikdBNCO21uf//NT4JLF5R3vwhtn0=","FDCi+P9dvc202xxT8O03jeUolkjQ3UtUB0GGSo8CwqY=","5SiYs2OlGppkUOIAhW65xlqeGkU24mvh/S3FofebBKY=","JLqMHqecsEMXhgW1ZplXAIuL9bB0iHp37ZfzSLia01s=","KE/4f82TUzhSmXAta54ZjYpsQeDVYBG52WN85+th6v0=","4VV97x1PySUtjBWRe/ddnyf2hNRHf8ddfZJLuy/C0QE=","eS54fG/0sSCQliOMGbe2nKX1W0hjImb+/W91Cd6kWbo=","WYxtaH9T0LOZWc5wY5bcp/y/bYd3OrCUtF9Pj5HGKjg=","r7ODuKQmcWSvDRFo2XBoUJCKdPc9cGLmszqoDSqxpic=","02fb1YJjIB2s56cM2DbE4lCRKEcya0jWB9rVNMuR68M=","JIO8GC51FZvLkohB6JRzouSuRhiZ0vSud1WYYlc22ic=","9nxr0X0+mloWETFA4QFWKuf+HgtBQT4khVvPcl1xlR0=","x+3EsGPC90YHT0mCiSyDFkQ8w0spHCK2Zo5QAvgNj9k=","Jpt6xWkGbMfjdc9+fJ2bV/51+hWOs2YMLaqns73rZV0=","XeHFiQ7+/uEjLsjFGNTPsrBF8ZLyHmQ8GIluH+PmXYs=","lBw/FG4FXdh059CuYCWIPDh8TuZrPTAgqkiX2bEGU9w=","97Q59/lmVpOpA6mmTQKlxzNKKp8RqBufK3/ZTSV/73o=","0YpUM2BsMOyb3hFBh4lvVOxg0r3Ab4ZNSLlk9sRsBUA=","Fzuco+b2bvB/ifLoOJDxj67G2P0l1K3ekfYsEUcpMTI=","m4+nWyyifyhOkLQrjfbbHE/AhzcQlKSdYO81a8LdPNk=","QMnD+lKNnIgH5fqRWuSMlJ/k+tCd5pRMR+lbErmuYXI=","42VDePvMbRXkhrkoq8eHC4zOKx4XilWk7JyWTlte5RM=","E1TtgMRNb7evKYF2F44DcT+agbzptkFm3uo6IRo0YlY=","h+LoOi5KGSpYXQWA0QZu7c0RQsFWydtTPH0Iu8tV0/o=","q2Xk02UpMAJonTgejcm/nxZCHgw7v1DTnMuVhX0o2oE=","5nm048DdRqhppE4petMZMPQRXnx9jZp3+phzIhcF/hg=","Rnc3Mju8lfFjV1TqCNtICK+7Qp3yzRcOew7wTTlCYKQ=","XUiDDtCoGffjLIf58BJSYtHnPDhiaJssW5VamZihvFE=","S8OduEoBQ1XBEHTn+aYKc7/f8Jjn+qGK/4r/Nx+Z1NY=","b8I6qCPipuEaJN1aFpaBfCiMMcnYA8IyBcwRln9awu8=","2h/sG1zLTYAjo8b3vQEs9dTX6nDCLuj3hCs1ngCQNa0=","AA5pBorH21FPGlMr/4SZ7pBv/3cfRs2hNWJwTocsB88=","9s3aVNcqmpzbMkiH09WpEYjbOYxZB9CmL9R/0+e50ZE=","VZnEzB/ZcDttTIT0J+eMaO/amDC2K1U3846jEyc68QA=","27/YcqpNnbvdKbZLkNRSUQ/iODULuSL06e1XDVwf5vU=","JM3N+64QXid/UPK1pgxi4okTseeCVhNsQPZPqEBRKR8=","B27ZlVFYobZ58UlF5S7bNqJbiAYVvb+VS5DKpBEIBts=","sZUgRCHXAg1c5u98jTOkFVGAUy046VXzgcQYoQ9qaAw=","Mh4UP9eb8thq90JzsUGZsnt5+zQ95JaVZ3/WdOoXuB8=","VLC/alZi0CiORgl+o7qGsEmUAAnXlDpb/1LkDy7CF5w=","QyI4WH+hGUh6y5O7Y/i87UUKQk0rghBOiT80hoeNqSg=","I5HVKHaoRyJqlsYo3+TXW8uP+xXFWoAzx+ROmxdjmNc=","kcSqS1qxmY7Z+t70Ieb9cgnHSIqwYHZKlcsJd7/ootw=","Hb50Cgizm/zUzbyvQ3tySuX1r+ZNhwo2J+YT7h4mP00=","Lv5pebMO3z2hM3y0fVQ8ix9gGoEPXjZLlcfQDPn47iE=","zGktowkjOlFA8BYUm01tlC4playyqGon2xXR3axlbuU=","S7/K/4nrHIicPf5+ydIo77XlaeCZf/gE6Enu7ME8zRQ=","jXxuVnut2lt5wGxp/86aMzrUtvbUer8xTqoLaWzZqqw=","+aeF0yAC6E3AtqGZdGNvvwJNTQhWMLPJBNoYr8Ra3iU=","T0UEhkARy/DGl7DzVmj+cb1jnZKB44KAaelrA47LKeA=","vL+GAERUte6xQs6Me5W3x31dEWqVw0N4Ptc64EFG7Ho=","QvwCmsyp0erZB8xvG38I1vg/D76oeFji8aV0ev2GMKU=","XQKNEUi5FWODHgNWFaBQHcty1nQa1scTiMA1ayueM1M=","c5P5SG1uUzrnCCIZL2UIl/DBpV1N+BPuVMMGYgwYbXY=","ROH/UzhiPfJGTo2NmAfIpcdj0ncDYSzzKemzzZLAaQ4=","xkCztPAdVvEGhy9MDm9VzG+g4s1JMHqbXvwHyhX5tB4=","756Xz1s8ntIqJHePbFQ4YsO9ODvFR+ocZs628ksshAQ=","Bee3hSWL6/Xqm+UIox9EwiUpB9a8HvYZ4Zj0wn+QkuE=","sxS/mCWYQAeq8lYxJGfxNX6L7tQ+RLRPnaCz/MfYpzQ=","4oIr6bLQgBFhuBaSh1KE53ZvFMkOYcb+RzQ2MBNUfHo=","j5ctAKv0z7Tm2gTYkMpWk7lkharZCKJdNkiZqTQvU2M=","5vdXKJIQpPyKFXqyZaoBymps1WuyIoFbRPoWGKZSq2M=","1IDBj20MPOzuvM+osiy69Scf4R3gELN+t24am5Qmecs=","IMVAJ8NZdvtPtvP3d18QdHQU1C1g8i5txuP5vhGzS14=","KxLTPSUGURF8kBFNnoS/mui6Q4Yi62D6cIbwvjTVgww=","qscgj0yvO6OsPMiLoWKTt+Ify9MVHwTI4GlvBjVy3gM=","fWqXuMO7OVf4CFo6PBtsj16vGn+lLCIeUDds+qHmDPM=","I84wn9Mh2mda42pr3k7r3HWt+thG7ZxX8YPD/6kYXz4="],"block_size":4096,"path":"editor.eb26bad1.js"},{"block_hashes":["XkXhYXAPksxQulx/8oOTcPK6l1ToSjJqaY5lYKQBqGE="],"block_size":4096,"path":"editor.html"},{"block_hashes":["QxdPi1RDyNF/xjj9IK+wCDNEdjzQTS2y6X6FVhk2+88="],"block_size":4096,"path":"emoji-smiling-face-16-20.369c6b6f.png"},{"block_hashes":["9JFZHQ4vnydIQKu1TFOktCFO4trHlPqkD4I32X8OB7o="],"block_size":4096,"path":"emoji-smiling-face-16-20@2x.30a77c33.png"},{"block_hashes":["ZdyS5OIlibLM+/CCgsbRKgMD723FgV27Y3s+zOQ+aHo="],"block_size":4096,"path":"hand2.dddc1f5f.png"},{"block_hashes":["sZ4f/u6xZ06dEAqvJn/v0BQuwYekNVnsVSfTOtpmL5M="],"block_size":4096,"path":"hand2@2x.40b9e3f2.png"},{"block_hashes":["P14fNT/IiQe5GMUCQ6DVaLMYuLT3DW3RYE/JOY74eJc="],"block_size":4096,"path":"howisit.1eaef672.css"},{"block_hashes":["ERmW3PolNKwx5YN2Y+zMe/KkznbOwO7fgzxSsYmBcfg=","qnWEN6tSyux6VALPz0Ic3vEQOr69DydChZJz1QKwYiI=","FokhoCWH+KTK9N0nWL4LRDCVJXGIbmo/t1LM+SnbDKE=","YwvvAoQUTieg31OpuWhU9J/9FmjRgi0fY/SMw+95DC8=","4SOTMGkx8XtNdE5oue9QNQMf6Ub1JTJzkKlY5604GMM=","ByqCE1Hhp4gk8Ch9WTcC+KkSmKS3ngsW1KYQpD8I7Cg=","Bd3eswpyIl5llrTz7Jvh+YJpyExYnsevrS9FTcuD1F0=","4KDH60o/v2Yy+UHyu7Sew9djCaWFOLq0giE4xy5Sy98=","QvXwZdoCT6Ped5iJRmFEcKOx3E/aAx+Toicdxv3A4+4=","RPfUL2aKEYaJqHlxe3Jw/rdJg7RlrmvqbreQw7AsurU=","EcR+T354iTbOG3sSlSq+++5uSa6uFp1GRE2mySVhYqg=","Qr9/mZ56gsJmXeE06iq4c1JyO4q4BOGN5CFpaORSqqs=","go8sd877FTCCcO7KK3dxMYVltVRCr7lx5Hke3K8FqUg=","rEj7q16wsM74Z6RgCLGp2ETXFEF21TwtuUAJgy6vFV8=","Uh+KDhorB/2Nxhq2WL4vxJtFvt+TbixH7xriOtTKEA0=","swR96tyNbwK8F21bSxQWyd34O1UgeoVFICL/7Fdxi9Q=","WnW/86OJkzZJLmf+hwWr0kJNs0NMKXJcCN7F7AI7jog=","j8EXnpkhSlC1DfQ1jBcjYWzKX7ML33lCZsrje1L3AzQ=","obK53W+XeYidqjGqCt92nG1fpLezdF07VlPDzpITsns=","3ashauvZcN2RZBF56DXqUqFYdp6saSLSzmlUyN0LqF4=","MIlmM8cgmUrHtJDBO5hOAy3dFE862Dye51sIZLDTVWA=","acGPDg9l9OrfidNVFr+LcwuCi2yJCsU6+bKNYLug3Ys=","vIpeDaEEvkIVfN2XfokLpVuJ5QWrCKc1kNnuK8iZAQo=","+sK5SZwwVs0zxdk0KpHVJOGwvRTw2HoaGwOeWe57G9Y=","/fsFtVQUBwFRazOs0GmhtDq/w9JZHHHDOk5oXCNPmIs=","bz/OxPW5/JLVwpKlGc2Tseziw/91/uiiPiBr5WDcMr8=","fpsPCEClrwtX1SwlqjfGQ8hKy09I10AKaANCA0zGJaI=","vyKX+h9kfI17kVVGqFd+y3+4BgfYoHYXuJQXb7JJbXk=","Ouu5annMhuYWLJ/44yENqjhoRtBvY+pYVBKv+i7QxO8=","sLs2rOICNUKPdDEpGsB0EbTXpRiwUFKmhaT6XaapFJA=","9AKFuwp5b2b5vBKeHYDBsMRqz5RQ2Egu4O6DEv2xzI4=","HTwUlkXARVRDig4+XLmKqAvLF27mwMqyhSe/R2ZKqcE=","sWNJJ95E4RnY0IK3wxrKjXjWMC15jp9Txh8/bXCW8u4=","l5BK87phhICu2HLYLV1BUApNLp7/l+XqQ9XmTblqaOo=","ug2sJYnGnXAfLr0E4V4G7HcqzMRFxvFGhBfrzpmOHDM=","tvFeHmM/fK9lKJN7bvCT+HZT2gKEA5q8kNheIEwGr04=","ASVN+EcA5UmG65oSzAy0Z2sRcRrKwHHHr3tAe9vLAG4=","ROUNVwWnyVNKiE7sM+Yqz1n9JD6e0Zh+owx0ObGREq0=","k9StjBh4kqOSVIi2fV8vhxnnURdHw3D1URgBEPWJvoA=","2MsSdJnEmrLNh0/cr9PfK/aESbodJoV5rpG7VMOkrA0=","Jv3BXkBhSQrGMlj3FeuUZk8UkB80W6ceWtSMyjdCjRs="],"block_size":4096,"path":"html2canvas.74512d9c.js"},{"block_hashes":["mYufwcKPytqQGAlmChpcMK/kTSGwWAqmwYS5kNRF0qQ="],"block_size":4096,"path":"icon-999.febbd139.png"},{"block_hashes":["kEkhJUjey7fDt3GNwQUGqElqHYbpLbaGMIWbXmT5MP0="],"block_size":4096,"path":"icon-back-arrow.e6ad190f.svg"},{"block_hashes":["o20JOeYEbsCgLweWu9Tx4TfCAIOSZt3qG6YMUOkVUKo="],"block_size":4096,"path":"icon-btn-delete.fd6ea388.svg"},{"block_hashes":["+ZXF+7x0kSfukINi5jsRexQAzIFI9szY/df7Hh3EaME="],"block_size":4096,"path":"icon-btn-download.1b697b5e.svg"},{"block_hashes":["wBPjOPCGa8BMTTkt8v6CW+B48QESvtavQaI0Sa8xwq8="],"block_size":4096,"path":"icon-camera-fm.0643d7f7.svg"},{"block_hashes":["mU3FWeTmUQVXH6K0C7xzB3Gz8ldMV4fA3bMUcyLw8TI="],"block_size":4096,"path":"icon-delete-hover.ef36e5b5.svg"},{"block_hashes":["HsXJZG6ujSODlybTs/zjhHh32Rg0y+2Pm7qxvNOdyLs="],"block_size":4096,"path":"icon-delete.fb134e3e.svg"},{"block_hashes":["V9e4YxZgef8UnfmL90sg3QFuWMD3y9/vnw8m5kK0aAk="],"block_size":4096,"path":"icon-download-hover.eb5dcc2f.svg"},{"block_hashes":["KzNwlKjvJEGYmBcC2wjdrdDj17xjYvqznOyYVgcXGIg="],"block_size":4096,"path":"icon-download-pdf-hover.7ce5a1fa.svg"},{"block_hashes":["PQx304g2/Kq1st30LYyC4ql+Xoby2EkzlhG9YoOqRYE="],"block_size":4096,"path":"icon-download-pdf.b7bebbf2.svg"},{"block_hashes":["KN3CBXwXW+UvH+8wexXlv3RpDqtV/1Fa6MW9kzbjBEc="],"block_size":4096,"path":"icon-download.5e6787a7.svg"},{"block_hashes":["5zDVBjy88H5g2+SdvHJvnG2uNGRtuVCXR3cC1/17qb0="],"block_size":4096,"path":"icon-extensions-pin-example.f3f22005.png"},{"block_hashes":["oOFHJ0wMdvNNdU7K2E665IJL0fd3G9jHANa7UbwAjb8="],"block_size":4096,"path":"icon-extensions-pin-example@2x.3db44a8a.png"},{"block_hashes":["9UfesAPPZ2gbBUmjQtCNb2tDgit7NlvKnlKGXIjbVAE="],"block_size":4096,"path":"icon-extensions-puzzle-piece.5357fb8c.png"},{"block_hashes":["KLHNw7tGXisd9kVz1xm+ttwqLIkHMo2RsW8lOTK4oIg="],"block_size":4096,"path":"icon-extensions-puzzle-piece@2x.d835434c.png"},{"block_hashes":["EPk9P+4u+yeU+QjypfAW9RKC+BsfUbcxRQRkLVXHKnY="],"block_size":4096,"path":"icon-files-hover.d1f59cd7.svg"},{"block_hashes":["obFBnKyee9Dkv15VNFobRUH4jwCXElebLFrPSY5Sv84="],"block_size":4096,"path":"icon-files.fc2dc7b3.svg"},{"block_hashes":["fzky4Ng0whb6Ym8U+3xnUJYdzLy74QY1AqoWRraAAOg="],"block_size":4096,"path":"icon-issue-hover.517a329a.svg"},{"block_hashes":["2nx8UzKm8GXH2487H+gPRBEHaa6Or98ZU9oB0TjG+rY="],"block_size":4096,"path":"icon-issue.100b2b92.svg"},{"block_hashes":["HZya8Xrtj9tUSha/crIHDikQT6FRZnpOM34yJkzJgBc="],"block_size":4096,"path":"icon-settings-hover.e689b174.svg"},{"block_hashes":["CoxWcOtFSP6qSQahd7MEp/r7ihT5TsPsIvzc3XJnFT8="],"block_size":4096,"path":"icon-settings.9780cb49.svg"},{"block_hashes":["8IhfTBmi1U5H7GK/jBH6jgww9jj33maMA0MBhIlOMoA="],"block_size":4096,"path":"images/ajax-loader.gif"},{"block_hashes":["8vCITeDdqbFUKct9aoEdU6vb7KimGeSU6fjkYU+v1Os="],"block_size":4096,"path":"images/anim.gif"},{"block_hashes":["ddFohdAyOwIA+xtudo6vEJnIS825KQXH0BcgoTMCLto=","TVt8GF8IMtEPi1IPCrNfCvRC7NidRj6l/405gcP7FJs="],"block_size":4096,"path":"images/anim@2x.gif"},{"block_hashes":["vN59BsU3O2PvN0J3C+OCP16rLvSMkmdVKRFoBu9IZTM="],"block_size":4096,"path":"images/chrome/icon-extensions-gofullpage-pinned.png"},{"block_hashes":["d/zA4OukhKowRlydiZUg7LPf/rHPp6ALDgcJW8AQclA=","3sel3/CLuSGnCwo0PoeZcxCYuXxU/mmgmHqbk64wynE="],"block_size":4096,"path":"images/chrome/icon-extensions-gofullpage-pinned@2x.png"},{"block_hashes":["5zDVBjy88H5g2+SdvHJvnG2uNGRtuVCXR3cC1/17qb0="],"block_size":4096,"path":"images/chrome/icon-extensions-pin-example.png"},{"block_hashes":["oOFHJ0wMdvNNdU7K2E665IJL0fd3G9jHANa7UbwAjb8="],"block_size":4096,"path":"images/chrome/icon-extensions-pin-example@2x.png"},{"block_hashes":["4GSWlsHBaYX+zEJeTMjhEg0eb8TrbuV+Qrjez5oAIOg="],"block_size":4096,"path":"images/chrome/icon-extensions-pinned.png"},{"block_hashes":["R/l+fvd4G6z4Jnj4NwxJt/yhekCLmK7GFpciqRCYJdM="],"block_size":4096,"path":"images/chrome/icon-extensions-pinned@2x.png"},{"block_hashes":["9UfesAPPZ2gbBUmjQtCNb2tDgit7NlvKnlKGXIjbVAE="],"block_size":4096,"path":"images/chrome/icon-extensions-puzzle-piece.png"},{"block_hashes":["KLHNw7tGXisd9kVz1xm+ttwqLIkHMo2RsW8lOTK4oIg="],"block_size":4096,"path":"images/chrome/icon-extensions-puzzle-piece@2x.png"},{"block_hashes":["9MFLuDM97s3egKKSOJFOYf+/uSchuGNiWhJ69E6cQuk="],"block_size":4096,"path":"images/chrome/icon-extensions-unpinned.png"},{"block_hashes":["dB4VZzqlkPilwmqFa7D5vH7l5SJPV787EIxg5Lk4tnw="],"block_size":4096,"path":"images/chrome/icon-extensions-unpinned@2x.png"},{"block_hashes":["tn+2hRqUGXeFjwmnwUY6k31G19qic0V/1LjIwErfVnk="],"block_size":4096,"path":"images/icon.png"},{"block_hashes":["J+aDbyLSJfxKxcnMd95Ml2cUdhqfy6BFtqbL0WiuzxU="],"block_size":4096,"path":"images/icon128.png"},{"block_hashes":["eUpHTJSsFMWMcd0UfJFkxziQgK4D7J3YOCidQR87tkk="],"block_size":4096,"path":"images/icon16.png"},{"block_hashes":["mVEtz8hh3HPIpMdpTMY6i0s5CtFvaglE762RKgxzSy4="],"block_size":4096,"path":"images/icon48.png"},{"block_hashes":["eSsxILNpTQUgzSb5ts9QmTof9+YoXsw1mIErYV/vwNI="],"block_size":4096,"path":"images/icons/icon-account.svg"},{"block_hashes":["kEkhJUjey7fDt3GNwQUGqElqHYbpLbaGMIWbXmT5MP0="],"block_size":4096,"path":"images/icons/icon-back-arrow.svg"},{"block_hashes":["o20JOeYEbsCgLweWu9Tx4TfCAIOSZt3qG6YMUOkVUKo="],"block_size":4096,"path":"images/icons/icon-btn-delete.svg"},{"block_hashes":["+ZXF+7x0kSfukINi5jsRexQAzIFI9szY/df7Hh3EaME="],"block_size":4096,"path":"images/icons/icon-btn-download.svg"},{"block_hashes":["wBPjOPCGa8BMTTkt8v6CW+B48QESvtavQaI0Sa8xwq8="],"block_size":4096,"path":"images/icons/icon-camera-fm.svg"},{"block_hashes":["ElaH3OK/NyydnhKwmr53q6ZanUmcE4A3n6PodnLIlTU="],"block_size":4096,"path":"images/icons/icon-camera.svg"},{"block_hashes":["mU3FWeTmUQVXH6K0C7xzB3Gz8ldMV4fA3bMUcyLw8TI="],"block_size":4096,"path":"images/icons/icon-delete-hover.svg"},{"block_hashes":["HsXJZG6ujSODlybTs/zjhHh32Rg0y+2Pm7qxvNOdyLs="],"block_size":4096,"path":"images/icons/icon-delete.svg"},{"block_hashes":["V9e4YxZgef8UnfmL90sg3QFuWMD3y9/vnw8m5kK0aAk="],"block_size":4096,"path":"images/icons/icon-download-hover.svg"},{"block_hashes":["KzNwlKjvJEGYmBcC2wjdrdDj17xjYvqznOyYVgcXGIg="],"block_size":4096,"path":"images/icons/icon-download-pdf-hover.svg"},{"block_hashes":["PQx304g2/Kq1st30LYyC4ql+Xoby2EkzlhG9YoOqRYE="],"block_size":4096,"path":"images/icons/icon-download-pdf.svg"},{"block_hashes":["KN3CBXwXW+UvH+8wexXlv3RpDqtV/1Fa6MW9kzbjBEc="],"block_size":4096,"path":"images/icons/icon-download.svg"},{"block_hashes":["EPk9P+4u+yeU+QjypfAW9RKC+BsfUbcxRQRkLVXHKnY="],"block_size":4096,"path":"images/icons/icon-files-hover.svg"},{"block_hashes":["obFBnKyee9Dkv15VNFobRUH4jwCXElebLFrPSY5Sv84="],"block_size":4096,"path":"images/icons/icon-files.svg"},{"block_hashes":["fzky4Ng0whb6Ym8U+3xnUJYdzLy74QY1AqoWRraAAOg="],"block_size":4096,"path":"images/icons/icon-issue-hover.svg"},{"block_hashes":["2nx8UzKm8GXH2487H+gPRBEHaa6Or98ZU9oB0TjG+rY="],"block_size":4096,"path":"images/icons/icon-issue.svg"},{"block_hashes":["HZya8Xrtj9tUSha/crIHDikQT6FRZnpOM34yJkzJgBc="],"block_size":4096,"path":"images/icons/icon-settings-hover.svg"},{"block_hashes":["CoxWcOtFSP6qSQahd7MEp/r7ihT5TsPsIvzc3XJnFT8="],"block_size":4096,"path":"images/icons/icon-settings.svg"},{"block_hashes":["kAqQCoIcdnfQYa1BidSmpkFgQuDJv9qI1FL+DyxblDo="],"block_size":4096,"path":"images/loader.gif"},{"block_hashes":["OST3Y5QUE9o+RrQmRgIIRHr7/LOXaopodp0j3UOa7eM=","jkS+il1HFdmwjhcy6sZ1c9vaVxKXc5xBMvrhRAI62m4=","+JmBfN/pVkUmqi+nzEdpzd4yL9XSL/hLDCdrrN+FNkc=","qc93GPnlTaPpTGvUI0rZIIFkF5LUq0K0ULucK/vf9pI=","B6FGmAXOPdCqLvZAbI0pjKcPRCvbDZCGB8pY3GcEjnA=","GGDoU2SrUSDV2LQRdPIv0eozs3ZtyNB5gJLKBgiXGho=","CWZHSnWLEGg5hUMxfvioAHMQzrV/TFf7MbSYgPhmp0Y=","CzOBWWJMAOpIx2cxRYOoC58LGs7PlD3vsUI1a0idn3I=","eNgnkXt/1D0r4JjYAAz9nW2vi53/R5K1zF1Yyj1VMTw=","L31p48i3rPCt6jlVRk7SZfWr7OqBkrmQUd2vaW1KHFM=","c4vLJ9U4BAA6wr+y6uy+pgFAOVl7nljaiC7zw5tksAQ=","hk/8At4PIWTNutDoDGPdZt/ePp7mNBz+DDLvYuVOzto="],"block_size":4096,"path":"images/promo-440-280.png"},{"block_hashes":["vDlLtAQChBBTlHCXSPnaDrKy8+iivjkuKVehlP1c7to=","I5L7bylROfoFuK0Nuh8NdzgUEpkSfmP3zzqFpqaU6lc=","EenhAQRxvYM4Zj2gGhO/YB7EObDwalUvkT5QOZx6YY4=","UREIb5iAQPZzZEbV1Uhm7/FlN3GNr5KEdb8OLadYInU=","yFSyvRdZ7JoSB1gORFYfKBJdRLvbXi6WRRR/SHDCWCY=","TY8X0yvB1VSGtFn66QJn6NANwGOywFqf7GTfC2aJsaE=","isHmCK/ByaRyeSkH8OBCj5qyoXqW+y5QOiLoC0q46OU=","dzbcBhNRJiL34vjrNbvBWsByQpvCr3ERVtGQv/paVOw=","VAyrWitkg+rkI7OOGLfDLSZ5qnzUPMyFf7U2oKxt6lE=","RQ9h8IP83I/ljCGeOSYcq1Pyb8RqtKQbfnvesl2W/Uk=","OWWTfRNkyQqSsHUcAQolMGJV537JUSzwylI+rAPKbOI=","FRfbfMkvmJHhg3FxSUYb+HsnTMLpCW5a0vQhk+jphlM=","1bnKirTQ51h838zApzQyketNqtIshqPILtfadesUGNQ=","p63Aa9j6yc7+/CBeN8uEuzsxr4sMogo5U+qs6XKVMDw=","/S7a521M7qrPo/cEYfYFkjHGBX1D7ZU5f4HI6W7O/5g=","asFXmQS9AwtJaQnG4u3iXUNcQdHPZxhdqVVByAR/SNg=","FRXJoycDskLjsp0h4txHp9VLxBKfjYEt1h0lsvpzSGk=","eeNNA8yH15Pw3E/RmEhEoB1XNDhc7r5QSe7eGTSnK2Q=","dY3jZtXxoeTym1Y4gqOCsRPURg/qDynCflA9zhWgMeE=","DY5wqiO/aUM/dKLArfcQpDNvBroxLzjAM9RVOsYNXJ4=","+2fROlgmruJQZQI9dCBLWonzYVEgVmN8yq9murNrurA=","eAKY9gQjsVMiWiRMlxq0Sms0lYeHH/subtE6h6kaM8Q=","VaBgAMpWFv++nrZ9It+lEEqYBv5LtklSkcOBrs2mvn4=","NpPm2MF3k7N8cs6wKnQqytriqzObStXDAAoQihxUOq4=","VnxyHxL3odnHPCGJRv95IJGZ76Bx/UlNWg61ErgqT8A=","e+URnYHwRBivIu6O8MVNa6/YicJxe9X2eDKqPkO2Xk4=","RJKPsR/j4Vn0kk+zGIs7ge6hsb7NypXK5hlrxZqGuX4=","NU8lIOoiK3GzyfFJmvGQm49SOcSOifz50OfLP8iCW9w=","C3DGvaplDNmEFmisGj8LfDpMZeoY+HvYVQ63dKLe2zE=","CU9+j6/Wz9ei40dtuHfPxA1ceCN6VyK7RxkjcmLbjlQ=","mXIYoisMeysQQmPVKB+/iOi7z/u2N/7gYCn2agMv1pk=","TlhgTKVTgU/fSjXolM2a+uAk3WEze9/og5jzCx2oKk0=","72l8fmg6dkfTbAVh14n2205jEw1++CHD+xiMYw7U9lc=","tdNv2n4fp/b0PwvaO5IOXlbNlqZsNoOOT/2BDAkWWu8=","I59Cf24y/3SCPKgCNIbUmKBqg1/xU9z32R5qQS0N/y0=","6h2FMbZpll34AipYs5Je/4Fa/a4+WVzR+ifN736wKps=","GPYF4FVpfYomv4j58VzGW1TyyKjKaR1WMSByq//Z+WY=","I6Sp20gvVsHVVXNWEP6AF9ud4SQ5sb+sj0QS5BU+8Gg=","CqtX3Dwv6+3CS9wXeGfEfQWzajwUVQAxE5gaTDm18tk=","TCSbQhC5FZ6XakJYuqBcu6GuKHwn2sdSHLZQZ0t3So8=","CtCtMmvY+dzsrLdlhyvnLdSo/pQiRJVfjGaqqmtdYjU=","Amt0rwRPQATZd4LHA201zk11/DGWabA4oMCrVSB8Duk=","5dfpXx7f/Pb77tvhJiPqfC7Ilj6UgVvzAz8QVkoOcCU=","9PqHW7bRfj3W7juQT1h4E+OKoPZhmc2OjFMTqNM3sfA=","RraoespEcRGMRlLURtPriT8xd9pi7P16SD+o1t/SpBA=","iAvJ0zGvEDnonvUYfbx+TaZ7BuZFbr1I7ey7QIsXlng=","L8aXe4TzmabzNAlk4jpYodNcyyev0OBgLRn9jgBRWYQ=","N1I+t+VEgMnMlH9DAezf8Bg47eiMxb9ls+kxuLT1JEs=","s7y3mRiL1GRWt5aNAEzYpPPiNaz3hU/Ehx0ogKnWWuQ=","EK+2Cro0WP2nu//zyRwaNIEyaCcubazslVItLAqnC60=","1Qk8vDhnVyiBZRCBKS1cieh03mGlIrlJ1yZHX3GFPTE=","ROLYDRoObYEGgEZt/tF3G0jAC2BnTuz3RxuK2lpc5O0=","07er9BMQY5aBfJ7EJAM64ZsTB6pdxj63HhCgkGaFgdA=","vgckL09uM1B38ExH8TxpbPsXTlT1BNssDOENsjHK9Qg=","yxXOIoKgRZ3Zi23viHsxa0SA2s+bj7IerffwFQgfIOg=","1IilFvU0QF3aisU8/YTnxQjzz/8qPRfSm2Set2uFjGc=","mn7g84LmnHrgLbR2vY7PPJP9Wh88znUdbp1l3XVA9as=","jd75gtDzRH5el1hO5goZN061GkQyJztDHi8mLHCu/Dg=","ibHdH3m1uFWhv92ubvGFZJ9oXPI1sdRUES2gVmqlb0M=","+9tG+x76/nVGQERF9oii7/aKYCJmf+2rdRr3WVkOh4Q=","8alS9JWeW9ngJM9RwYQ355yTtkSHDxHCDVKcIZXC/VU=","qjCGtzSPJtAJBhqCTwNOQjiSlpkeHN72msPDv8It4Lk=","vpejVfj+xoSeGoE3vvCS0TvEy3k+rh3LryZ14XalA0g=","ZCDuVICN9qb5kzO+CrROEoVvtUoF0hzK+ThwjYUZD/8=","N6BvcPAnjYU5rrjw9lp7xChV9/9ih22Vzmz1/Vyg9f0=","6OEyOIHUIv/A3VSaIyf73SvP9RUSfg9WcJ+627Mv5Nc=","/nURoHphp1YiESK5jaC6qCcWh7M9q/H+afVhtp6ra5k=","76+Yrvr9v/K/oP5VoedWWjKEQKiJKE2jTLU8rI26NV0=","jLBIMErcd2zOgw4QNnzInj3+MzRFiOqC2LjffTcQi6Y=","kkSg+PcLV3MFpHjKOTAjCP3g8JUX7jq9oc4eEs8XgeM=","y2X7TG8NkycM7K0DklFkvFMpyMLp9e5zt77aaJU1Mhc=","3pRo//d5LmQ9mGve6sbbUmXp92/SkhAppzzzCUv9FaI=","srrhNB4qOA0zYIj8f5Z8Z4izDo1YAJYAjOYY4XJMKvs="],"block_size":4096,"path":"index.es.5dc9adf5.js"},{"block_hashes":["JSRUs6JjT8xLOk3cOxDmuD/FQ+0wc+mRtz+2VHWLlZQ="],"block_size":4096,"path":"js/background/index.js"},{"block_hashes":["pGdiJR7ZDT+GAymPqy6MPEJ+Zy4OcikJdx5lKk/NDK4=","Dho2fpNTj6f3lTP2MvVYXLOnfBemtc4QbXLzR6gnAGw=","v5AzpkH8DyT7FCoHJ08MxzZSQVza3jy4+zEiVGHCxRQ=","IZHl+rMqMnnnwtNYhViSpwBwtbih/txlDg/JddZmha8=","9qSGsRlw8iOoN3e+2DvGVU6N8u23IStw6K3uRfIjbaI=","bE4nwUpo0LYZcCqXWMyUV4KlFAlmVXcVh3FpQk6CONE=","puFZFc+mY1LyTVBlOYaKKXSLm+KX9ajkkUwD1TcPhcM=","sXb0xVn2SWt4QRCZR5zJwZnnJJSz0bV5q1DeqpyXSYY=","6Q3065s+Z687ZdOacbzLHt71N+yxLeKyPhf8iabA/i8=","5OhCXivDkNsT5lnNjiR8VNtFCCOkw3GaeLMdWfM0c/4=","4NmVr5UEoG73BC+u1n1kdBhPuq1voY87H3B7A0oBVv8=","HMc0uEDNzXjSmJmRheEm2y71IJbJvEXalQwNzhnruKQ=","l3HAxUWqAqlV+sUagkxQp2WNBTz9/mmWL0OqYaSbtb8=","o255njp7F5tG9Gx0EFHYnvY6KAlm6q0J/tsRVZIPXf0=","nxn2H973siFkAUXr03Ym1+5kvCOZcfUSMvBAfmdJleA=","HoPjrOkBqSApXKOGbPKAg387lrfnwpM7LiJP7KpRlJ4=","I5XID4V0W0KeuQXYV896nY5Uu4vTXkTKCO8KBGy9AWo=","vIvzlSpXDcVfYP1FYjE0xoSzhMp8MZXOIj/3JiCWH2I=","fHd9nKOahAuXDDZfItIs7S1XXJQrR/2Dlu3UDGwReXQ=","vCOz2X6MVTb+gs6kyAxtk6N3wEpJdXpDXXSOXS9LEwU=","1vr6/E2w4d+nGGiXlDRU2w44HA9Nd+IMV3zuGpykDsE=","hP2zAk3D4jwnYl6WrC0TNV7EblYCjwYjSgbFH0j6pWo=","eEiUwqI0ZRpUSw65I1mX2pEN8VcIQmcjoLlnBsoyk5Q=","ogar9Z43mmaq50m0zwJ8n5jVMVUrYix2skg/p6jO+B4=","2YIRmb90W22kjoRO4hew7nIW0JFYEVNdA9nWrtuu//s=","xabMfFutHhDYGwPm41RAiTS2F4CFFnJFHwApATD9sA0=","E8ES4rkFw6ziufhOyu4BYXxLZs5AKau70qtXEswtFns=","01KX5rw/XLcKR1WJ8PXA0nAJqgHFLoFivh28uxV/Er4=","7DkRhlSnop4lUSq64KfEe62+76+gDE8jIIaveHrUkoc=","0gglUS7WVo+cesg4vkQYEfA4DMIYWInvAClEgHtYvXM=","T0I564yyTOCNMr6QmHnRYPDlZBuMQzRDR/x0YNMIR9U=","YW3nBCX+Yn1VaHJ1gK8j/WE0cjyg5EOgPVvuGpPgG3A=","uGAALM8PEukEsXVvlmpyQ2U2WPRrkaIzO2ExWMYw/hY=","77Nc77oPUbtKwqSmuoOaP5X8xvXAtPv5mEDm705fpSY=","qTw19ZRzALPDFiR82zH+daWZpZ38WQiAHHxN+qs/M/A=","DaYmmt4NhhHKzW8MjUp79+1YLXVonSX2a7bVtZNCjTs=","4LKcp+hrsRRcHdTSO6/Pd5gMwMOh4ApcR7WroZB9OKk=","wwSA80NFTnjkEMIGDrqmf+Ak+3WPNpb/aAOMok386PA=","ul61KEqKSniQ+JR0do5vCBpp4T0d4rJYVzIeuuPN5bM=","XOM7tKLqYMv/pfsvXIg8yf/Z5g1HlgF3KurEqmdeIvM=","D/t1G039zV9lFiI9ELhOe738gyjjoEdh9LrQXPFN4dM=","XJ1irMisFNYyoeEP/9h0t7j6ti+eaPuxP0JZK8zTgWY=","FipkjZ6E+AsKyvuB0jG3N5y4VaKqxGAdQic1W0ey0Qo=","PDpYQrHC5Uj8C/E/dkfWQYCk9yQ0UVIVj9RzoYNa4F0=","VpomshFHsr+S9NGQXpo4T4TR+yfBU0LcvIuS7CJdDNY=","cNSSbmBr5c9WUBZOeP68gy1wRWaJ8vJhjCLFZ4qnV1o=","UAaUXZ4T8kMREJMPhhuNcC6QIxXXlWZ9QgYckKD01Ko=","FfVbzF0+uOgRz8tEP3g1GvaDlS2vAOx9jVaBmYDWfIY=","wISvHqMdmU+NdCsg2jshi69W+g+Mesy3HbQoXu3nT5g=","ZES851GZmJ5DUOvZFGQD9k3Ql97/8xKJLf0s8WakmuI=","G7GN06ROdm2G/gFWrtG4IhOmLlJ+knV49a1V6EUkaKw=","1IKt2ApBuT5lwqsRPIHCTkvnKnfIGmthrBYXGjFRZb0=","WfyCXChXl4t/Hygacye4EECYIslFtaF9WiXv46d0c3g=","hKOKsM6lpeDrcAY3DBbACfyM920ipywKVamg/ImcSAQ=","2lV5QLaDHyL3yPR1NaLREIyhIcIwqKbQDZQo1wvBvhM=","uqWwNaORVzeJ8lLk+kuC7ywh34kUmAgKM3v+EPa53o8=","OMk8ImV79cQSl5FZwcky3DjyjcydkHQNisWV7C6a0+U=","z3aOjpVKSyli0Pnq4CCfj2REVZSTZcv6MOQTIO0iQxo=","XglzCA4Qf6yALk6tCuLJJGApTJJ/ZKbjJ7DR2KE9TiA=","y0ViezOvMHkFC8G0lk+EpJ47kKDdj/1e/AMQpwamxUE=","n9taWm0LLvNrDO8fHGxy0XxRQGe9CDCAQQwp80t1hpc=","9cJtU8mNIA3eZxMGNwVsY/RduGqbsPudFyIkSDZBbms=","dvmBOeW2NoZbet7lQBbBzH0g+AJNzv5oyQT6NyC0T6k=","iSJVlXqH5AhO8ZpBzFsJw46GOMlALMVcxSoq5BdLqVU=","XcrncYtN23AqxDjCL4v6qID0eLz3zDNxISRFrsLp8Qc=","IOCrtqeH5XUNnJgd4jmq/CgTzYZ+hu3hDobEYESC3qY=","g6+lCzFMzxLIdoZObK9xD5f0rWRayl0oS6/OgkuH3s0=","Sff/tJ2qnHSBk9j3PFo/OyEat1nuObDHYTKRIebhyxE=","vo0iQ8+7IqlUai4yxNLaWaEcsidUuC08fJE0qbCdQLE=","4ra+q61wYf27bQZvdh+E9KegSLdYMeH878AUziP2WJI=","c9HZVq2DQTNF0vnNZQCOEUx5xiNgK/Xl8l8qZX1FqB0=","87f6GpAD8yVJALQlwQlvdQPNJtJTc0SnXN9xnulgAGo=","pjtROIMsCqNz73WiuCjq86R9WfyqlFVKctol3U3mFDU=","+M92G1mgudSQyagzddOt5GFbjC+FGkxOt6sIwdztJUE=","y/JcsYS/nGxfSSAHLaW62QDltl9NTqvJDa8GVO9ng6w=","UNWCITeexT9E1WwfS3a+S7CsPKpN24zyO3vRHwJjSKM=","1id/v2vdSTsizjzWKozzp5QmVVN1HfyMWFyQUI261NE=","u5O3vsnd1D9l4UenJ91iWLCtV51RofIGU6o7Sg9UUJs=","3QCEDPnna5w528QFmMyC2QkT9BcLjB6Wjg/V3OmB4NU=","VOWAsZd1pNT/sakNwZ9cdcgaHxKJDdIMCvBuz6b9FpI=","GqhDO5zrYW7ybbtcdppdCkeYfK7ujhTEcBqbLuzkR84=","czzVkB8ve66lRvtTI8W31QNIh1qInsIOpXIZP869pZw=","BTnnIZz9Y0qAwkCkD97S4Ssxs80g9GwD7UoKz4OOtzg=","bLC+gPtW1sfc2zzkWTaGnlnPJUZEbmLbYDfDJH+Rb4c=","IsKAzI194vSAvJX6FjtrtZ4+oi1PKYyCKfis7Ea9C10=","6d2kT7w5TzOrplFEtNW1gfvLZiju1GQeyreEKkv1jiM=","ZLP6fdXQRffmfnr7HgcvuOYrZUCcQ4Oo7kwoYEWsAuQ=","VhcEsXIeB4U1gvAm0YEqr82QVTiJ8XAV70uOa0cv3Ts=","uc1DPm7B5lbXlfnS3cPRQYNa8p0PbzN9GzxoJa/AoLk="],"block_size":4096,"path":"js/page/index.js"},{"block_hashes":["XIylkZ2QrECEzuUwirF5RxuNuunRkKvXl/FqbZ/Cg+Y="],"block_size":4096,"path":"left_ptr.b39eb667.png"},{"block_hashes":["EmW8drxcdTZiG+JswH8bDFQxwZbq5fetHbfaDuLh1q4="],"block_size":4096,"path":"left_ptr@2x.eee67547.png"},{"block_hashes":["Vgu66KBRC2aRFKCj4GdL+K65HfDdvUi+p+AqpypT+Ek="],"block_size":4096,"path":"mac1x-header-center.5cacb18a.png"},{"block_hashes":["VvUt7KRM9svK8hva73+DTOyDTuKJqTS0ICTAomxfg6Q="],"block_size":4096,"path":"mac1x-header-left-secure.e573dafd.png"},{"block_hashes":["CWCTP1MjL9v8+NYCwYjH8gckBUa0USeOF/KZmYXKm3M=","AJ2hrLTjvezxDDgZn29HfrjLNM4UfKkrYvxByOEt5VU="],"block_size":4096,"path":"mac1x-header-left.15cbb0eb.png"},{"block_hashes":["3oRZzx4XfJtzSLSoMfSWUxnlBckzmzSNq8qsBwjjTUE="],"block_size":4096,"path":"mac1x-header-right.30e27e49.png"},{"block_hashes":["ARiyyz5kliC0WCPmf35Q+HiWQcXHYL1Tsxj02NJyqZQ="],"block_size":4096,"path":"mac2x-header-center.c4e3f47d.png"},{"block_hashes":["FjTub+6mIhU1zlq8OzPtygpfR8qM0tRgq4Svhuop0Cc=","u5+ih43gXmvYdnzzptM79GA5JMm1iDwUXpt2PBcIb6Y=","EyH5UyvZQ8ppihNDeUQ97noMxgZNT4rttKoqV+F7kpM="],"block_size":4096,"path":"mac2x-header-left-secure.de097660.png"},{"block_hashes":["ZbvGB4gGnOm7TCws83lXSzPt3FRkt0yvw7a39pul24g=","0D3RdLGXMv4GB5aT0r5oVYicUR90l2dTJInfDQlaGTk=","SvT2LRMbEjCVFTk0VmyAUULyGRJjZkDiFMalsCk95xY="],"block_size":4096,"path":"mac2x-header-left.b0937d43.png"},{"block_hashes":["Swh70ij3U7sLsuXo8O8wXIpDyfs2mZOMJtHe0fBKtwI=","98VpH+yB3cRLiTr92KUs4mlelCAloi19v1D68ERSdok="],"block_size":4096,"path":"mac2x-header-right.24176d3a.png"},{"block_hashes":["pGdiJR7ZDT+GAymPqy6MPEJ+Zy4OcikJdx5lKk/NDK4=","Dho2fpNTj6f3lTP2MvVYXLOnfBemtc4QbXLzR6gnAGw=","v5AzpkH8DyT7FCoHJ08MxzZSQVza3jy4+zEiVGHCxRQ=","IZHl+rMqMnnnwtNYhViSpwBwtbih/txlDg/JddZmha8=","9qSGsRlw8iOoN3e+2DvGVU6N8u23IStw6K3uRfIjbaI=","bE4nwUpo0LYZcCqXWMyUV4KlFAlmVXcVh3FpQk6CONE=","puFZFc+mY1LyTVBlOYaKKXSLm+KX9ajkkUwD1TcPhcM=","sXb0xVn2SWt4QRCZR5zJwZnnJJSz0bV5q1DeqpyXSYY=","6Q3065s+Z687ZdOacbzLHt71N+yxLeKyPhf8iabA/i8=","5OhCXivDkNsT5lnNjiR8VNtFCCOkw3GaeLMdWfM0c/4=","4NmVr5UEoG73BC+u1n1kdBhPuq1voY87H3B7A0oBVv8=","HMc0uEDNzXjSmJmRheEm2y71IJbJvEXalQwNzhnruKQ=","l3HAxUWqAqlV+sUagkxQp2WNBTz9/mmWL0OqYaSbtb8=","o255njp7F5tG9Gx0EFHYnvY6KAlm6q0J/tsRVZIPXf0=","nxn2H973siFkAUXr03Ym1+5kvCOZcfUSMvBAfmdJleA=","HoPjrOkBqSApXKOGbPKAg387lrfnwpM7LiJP7KpRlJ4=","I5XID4V0W0KeuQXYV896nY5Uu4vTXkTKCO8KBGy9AWo=","vIvzlSpXDcVfYP1FYjE0xoSzhMp8MZXOIj/3JiCWH2I=","fHd9nKOahAuXDDZfItIs7S1XXJQrR/2Dlu3UDGwReXQ=","vCOz2X6MVTb+gs6kyAxtk6N3wEpJdXpDXXSOXS9LEwU=","1vr6/E2w4d+nGGiXlDRU2w44HA9Nd+IMV3zuGpykDsE=","hP2zAk3D4jwnYl6WrC0TNV7EblYCjwYjSgbFH0j6pWo=","gg0RHQDyc8xiHLt2pkTC3r1UK6i+NDnMZ4RRvrDgX1E=","x7nCHbZjRdBQqxMZBVObV5T8ncpxvSrkOiOXM72sILo=","G4xb3wj4lG0o8J5dxYM1KIgiEcehIAi62iEHk/F7vJc=","fBLErOkhuPANbcHnzZfarAaQhUS6mV2Rvb7yDZuVbHA=","HMeJ0gLXYBFSFaB0iMQBlMU7heiv6OtzswLE7eNK1ps=","MG9eKqlX6rhbY8Lsp3CShi+GU8QhgYGuKdLqlEW7F+Q=","ymk4wPwI1el6XPZJO3BmgOrpXawxGd1J7MZa8ZIybmQ=","FvKFzycgVo4AUvsGD2gH1AEGt7oXuZn+DqPTRXyyTUg=","OWBxI9po4HxeHKBLDX5yjh0AgbI70uztHqVXF7GNCZ0=","5R6zWE812IbzaFmXlmXqH1qsehI9VYF3B67BNH15L1I=","9Ca0FRbSJ8cRjg5lcrSQiI6ZLLDLqIY/KrZAVcRqIfg=","y/m/FhtBicAT3rCPkthsFdEsR6pw2pzswQyRTisHmIM=","VtWydUONpqDGC6Ox2NoVReyGRxDGAvsM1oIiijDKZXI=","5PH4q3oLrSSntNp4O3YKx8JB39HoJBLPylAgvP521QI=","JT34CM9gfv7sbV+vYmDaWUz7x7ueGwuwbKsywZd//NA=","/fAT9pOBqdyVJiB46dgJ9GWSiJhaaapl3UL9GYM4ytU=","M6egDURcAHecGFcGA6uNcpryvosij/IyL4xxBkIktOw=","MiV8xFDa8FLcENeDTplRj6HKtiojsEbmBLvIrXQomWI=","oVOwqTKDrF/TAp1twGsRloQYt+3EQJfjVSF7BjVe0L8=","R4RLlZPwZKODX/cTUzCG1mAZ1Z54YhMAKqYPLrOXoqY=","HW1+sOamdCnPDJkC9s7NbxWHZc8f6quGx+at0kIyd24=","rkzeKCpGKBBbY34KEqu/+yRgxQgGkff1YInW4gWbU7A=","XcF1+oARFNiPQMcn4vzGQbJpbwX7bZiZpXhceO+WItY=","WRkiPIefGy7wi7Xma0+vGwOBw3Ty5T8gzp1bLzKcYxU=","fqe3dMwWN6yStk5YSsvzUCZSWdGkFZWldqNdQzwQ374=","NfcN04xGQJQGIjz75VaMhYlNGGDgOtscyUIec/AEceQ=","wfOAEqXoBxAyTaI7aGyClXR1dQ00FQFvZkq5ftsso20=","auJ4FCWawqnS8/RkYvmonwynLacClMP2ommILsLbJ7w=","2Rw1plHQA6UxhT4d4lEX4LRwRwKE5zVUL82v8a723rs=","ziGC7koTbC4Mo/IIGLDh4hKgSyIZ7IoYkqyGeqmQJU4=","GcPUEHt1h/WHxyBmLjHDuI0ApDRtYdDSmIcp9CNDU3U=","YI9h0dP1sAoh20RojUGqZzj3spUNZxKo/WUpCq+pbyU=","V2G+5cXSUAZiCdOhjFGzSr8E5frtZdt8zgTP3bB0UhU=","0jVFcNKIGQgsVVaxZLI3FvgsRXos7hkYZYzJMBk1lJA=","Qs4bYjY3QN8ZftriQwITUiURN6id6WIeJ07P/BO1EaI=","WP3X4VQM5fCThRQSkIBsVqZFjhov+nmQenE4L21b90c=","WdeW+v+cW/ajdXm3YfptHUuWJUFpwIq0HXJnMrL5XVY=","4kJZBlKxNypo4cBmUZKW1v865T3UxUFJZYQkaRlrFLY=","OgysUBChS3HCfm9RgftWMZQB0Q/w3/TPfzsBNMV5Eag=","xWFiQ+P5Pw0fMTBji6rOUBS3Sdfa2wKXQkXmPcwpc+M=","Bd7bGqN+1iIsZ70buVgTnc2xJeB/u8cdBg1y3iACG1w=","rFKBFg215rU1wqWUg66VOUBPTPDeYsvum4Sg/QdB9zk=","06rA5tcFbhOq35lvRwtdpsLiVm4LyvwVw9yH3sTQA1M=","U2WIx8Zi8q3JDe6+SPb5GzDlPddvDXrOZLYHR7f2TJg=","Rsl210B5DRGpcy6wkMhsYyyKoI97K3Gc8Unf5M2mTxk=","LxFh8qJbEfb+YJ1LpFUM8oRte3yuB3ELx9GpbBgYick=","r/wCIvY2hbskdgJrCg+T//BPa3xYpuSb5yKOjIk71Mo=","aHorW+JqfHvQhqSnqb7SR1ORTXqNMfGCazAsbMPKAcQ=","7az7ImKMe8SvHsKxIV8TKKhwHL88YhTZ60CdjGluXpA=","Kq/GJn8zRBQd+8ggxmmoeM2STvNV2IKdo/yjeXXjd6U=","Qmg8uitzeV039ZIXFCyFrvMwstKkvsjUjWjUK00IdX4=","rL840yaWY4llsdf6rAMkNnbmVUP3gecQr07CiLQzMMQ=","+xKWt/6B9M094mj/WvEx60rQZ4ltRdS6Ls91560vhT4=","c3QMnQq/52qhdyvvdSfonG1hcJYAgnB55PVshZZeXHM=","t+ibN2sOJ2HUJayxj/j1P9pCwDtLFbdx436JollfMMU=","073JnTjVKUjAU6CpyagMXdNnqcjl5jdMzi7p6kj0Uck=","qv/foZtRTbeMM01BWOPd/DNSRglPLeHhZmwIg4jHENA=","Sf82cmUljqrwY0Q3uTFy/NNHY3K8twP7jji+X05+SVw=","G8WXj+KuLxrqJNKIe8WG9E2nVyVAIGjygHQTwR+B7rc=","vCcIsnKekOcjxzfcyaxkhPo/LeSnGaDW7iKqSAERGZg=","mumg9meBtISOGEFR67TRJg7GfgJSmDJDvPCqPbZ/RFo=","ax0ek21VCU1wxQ7dg8vmMR08oy/JC1u8yBqOl+Uy2fs=","AbDQI5vmUKdUYjHGYGei0gIx9IFP1N+aPVBEiSEkVwQ=","ELbafJqHyYUJbLi2htPJ5F4u+NrD4VngqdDSrT/vcQA=","PD0wnGvjurLV3kc97gcWYQS6j9M1nxj/oOCtVhak2wU=","aWDxyRjSf415lYKfR+Tc4BEWVB+NdQVv2qm3ideC8VQ=","SX9WylwGOAqjsle4Kff+/JYxVOG4Dd7N3yTbEwVjNjw=","D5g4NViakAh8k4r1hZrFdBZv/N04fFz4XEetB1b9Abw=","yQSlxul3nAaIRU6IGh1Elwj+//mWLZDXCTEUVbI6BaM=","KhlKHh+90hLmv75Amd+uTMPMbl2g9KU0EW86ZuZGKog=","2vjv2x0JY5v/AgW8kKy0fB7Yo/Vt7fEh2VXDckZczqk=","uBOBFh3jKN0Fe+ge0WsPKS5TykbRcU8HaI7US0K2wu0=","cfH3G2y+TviKQ4j6vR4mqB+kQ2RB/sVO32Qv4HoO1t8=","muej1j/GNE8nU3Uvrv3Jsl6yR1N67KX/JuKzGUA23pM=","P5YQtmVC2rrLvcKbI1W3P+3zYmettQbmErchqFB1NQE=","iKtZRYit9v1vDLiXEa/drsowofBaZtAaD4WUlVed4Eg=","JCGHyW/SnFew8pQVXLQf8qcXfbdFySiC46NqbnE+Gko=","h7DCXMYet9ctq2VeDQCzcxII7yrNir1KdyApiNfItOQ=","eWsJobRzrX13UpHr2eGP/Fzp0PGVOP36y08a2ni9nIo=","R1godq3iK5QQRVTkAQ3bQzYUKN+Y55mHJBfWxMh3uyg=","1q4seh0qKQc8rXXYm1KpEfZkdYWrUVOaa57Qzyp1vGg=","VtmQzPZ1s8uK+ZmmapnlEHeaNYxN4QritODEgLUYZeA=","hkncgpEWXGUcu/aDfHMnhqE3dWGnfJgdqg5lBnehLbY=","hNezukk1qXTCOiRnfPY6xqpXjqM9FSJm8e4SHsY/ZgE=","3A2jUAPFUEf23GSVWYp4FqBRWPtDTP3EmK5H4UP/fy4=","f8ULs72aGo3QsYp96xaB7KTJKTcZj7TkEjxUD6NyEu4=","etWTZaD1We+5WAXd9sVhMsecR3ajpPCUGbXItWbIh2s=","yNrCIM7yMDsGL2Qoay8CrY0X59hvl6uKAEVkBKcpooE=","ck6mN/TmtHVQGcrhM1m2RK/XO7M7xQZk3e9wKw1jqDw=","CIFIRyB6sMnoLPgP2AH9fNv1R+mnx4qmKAS8tvluuX0=","Q+4Ga0oYLIG8d0+pr2Zyk0+mSs0g/aujisXr5X0uUn8=","3Z7zYe8MS1Fm2s+G6OGk8qKw328LHVVmhHtDLH8laL4=","6OX6qQQJP0NBx0pRxjiNBNdJg5xSGYnZ9rKGU1rPgnU=","BScAu3lOZfvh4ijmm8aIjGA/wkmKCEGzVemZySthiHo=","a0prPuD93XjU2FAvkl30klDVUvpWfPsAKB1CKl+id2k=","dPMQQqiTEragnh4QtW6aHcmblUOSADBKnytE1KVam1Q=","nbN9aIOcbFH8QZXHOKS9U87If483JMapT48n7gv2yhg=","iJ4ZguwQo9Ebzw+1UGLJmQoBU7HQ7LMo8YATdT5w73k=","JCJBfOrR977UdCpwUKNjx4p7p4moqXML69YPDfp8zQk=","YWfTewgYkFRKivg6UI6zhCpzYxmPcoseF2EDU4i2K/0=","na2lVlJy4cky0UjI4kpKCkblP1vj37cHcxvJXNXXxMo=","n4hid25qJB+QpcWden2l8UMVhsAZOYiDs+2ystcr/WY=","lcJ9S5LUAnMRsf7TGro1HBCBqpnIFUGweYiPBtRdXHA=","FRGt50m8twYEfVR5lhvSaMWhyZBoJTApcord3MbM/wM=","0xuf/5qg/OrfAxpPReB7ZkymFJ3MUroe0+P/nOFvSuI=","ZFTqbLv5XrxZssJpcigdAiz1RVypalUCE+8gEFGOzcw=","mjpSTjQ5hhQ6xzxVDqjniWwXFpqxSkwMueb8e8sYE/g=","ISIY1dX3eEfsl05iu3B7e9wT2jwOS6rWNRJKsirBzvA=","qysje5Ok1k/s5Q+2QL7FtkdKqKYiGel77Yokcvrh8IQ=","um3EC6lm5/y69DhFq0keLGZnaS9zQ2BDoWb4d49A+Ls=","jpVzHqx6McE1yE2RE46Gx3oPixiEsTJsH19KfPj+8p8=","p+n04S7Dla3x9P3oVviJV47QfvX2YohRXLkcpAraKUc=","NjmqnvrTb1Pwnexm8OQdUe+yNT8+4HuRz73vnJ1ND8U=","rIQpwjepcZ2rlNW5O3Pxm27hQVmOI0Sq5xWUcWa20fg=","/NWsT5/NTZe8VKfY+LQTQ77uPQ0ojTCcFgxJ9nM7gtQ=","Ud/B35fV8aGP2oOEKE5cBNS5J0aFn8FvULOtd50Euwg=","Zowkp9GP6N1F/64K9ifkYbpV+yhlVOwQ1lgFEuRvjmQ=","v6M8rWR50SDsQb21n9fLvaHm7DhvGZ8OhsHn4M1ZtvM=","qsViNavx8dvQexq7n/z8IZd5Vha9f9Y/oqywdVbJZPA=","we5jLuC17E7gpZqBK/GlRMJqVu6xi1J+DdnLWrBErjc=","EgxtDQWiATxX9/DyjiPJ8qUjDuY1ftQsu9PuutMSu8I=","AuIQyd2XpAGOPQjVckH9aLl6vql+agfF2vZrysTDgfA=","ZFPV2QhRcgXEaOs4KoEq4BPBrQPjEv8p4/d9vLCbs+g=","wlAolkLIi1PlhwEc7IwRHFpayxBqrhytk3cT0YT3uD8=","7JuFZYSdD6upk4hW2Np+8QK4udb5gUUY+ivJN0hjKFk=","Y5S/J2d+TF6iVrjeOYYtfICJZeWCpkhPE6nx/51zbxg="],"block_size":4096,"path":"options.0dbe9990.js"},{"block_hashes":["IzQ3OVcibpuCplGZBWUmBflYBdu40aEUlYI2E7ILWZU="],"block_size":4096,"path":"options.6414999d.css"},{"block_hashes":["zH47tIVrOv+wUmirqBksMUZybaMJs2REslZkd8J2PhU="],"block_size":4096,"path":"options.html"},{"block_hashes":["HWByudUZq9v7v9eQHYY/cgnHpBcYVTRHHSnIod1d8wE=","YeaZd+49DPRj0QGGEkkFKu7yrba6pQodVjnZouuNYtY=","cn8yaO2PHRzARF9yKO72GdmpxjKF1awoPg9pgm2wo6E=","l4bQG5uKzeOFBSXY+Fo/bIvSwSiiLmNcZ+ZtxncxPWE=","HJQQdMS9xqqQZnkVfLPK3LvHd32Z+auqC/402rhnB0o=","vUUsvHP8Kf34sfZF1DLvMx46v09DFWco9fxlIzBd4Jw=","bnDVIa9eVmpKjIEMcAvH+6crXvdqVWyEfsCKrblgcjI=","324BWLLwtLZyR9XER46DbmPE7oftj012DWFF19qVL3k=","XsKa/jGAqTQ3N2xMxWzBAGK7cMdTReYYLkUXugNDa0E=","hADgcksDdEoDe8bh+dOCAVwV6PHPjuFIj1atFJ+88tM=","1gqodQ5uCDbKpE7VQ87UgApAdzmoo65nW4eZJ/vFoiA=","GYhSG2EIDnCMG30CpYXUyuji7GojpsEXgVh4IHd9x0M=","uMfyknpHAnNMmO0fkfxy70n+ihNswpEStEXTBeIc2Fo=","lZiOn5eHSshrfTJql+MoNssnRXhX7R4AAfS2U7/WAWg=","XZv5CQGPDMlOizSl8tTdr3htWxU/t/f0nOdTCDIcbR0=","UPHylrDLFIFU8WGE+Fy8EPDIzD/lmkKLP1A4Xfw1xGM=","SRnggn+Gea5YQbJbwu0bOPo1u68n0IOeI+IyMYMWhmI=","vIvzlSpXDcVfYP1FYjE0xoSzhMp8MZXOIj/3JiCWH2I=","janwtbTqhEF325LVQDf1fp3wQf99eP/S0Vasys/1z/k=","2JqH/tfIw2HlicKw3ZG5j6emNQosDI95sc6ouSIax+c=","rtYmEtaJ7QJGOJCnEjHGsL0nU44TUVftABD7GqpM9v4=","hP2zAk3D4jwnYl6WrC0TNV7EblYCjwYjSgbFH0j6pWo=","TchsmKh22tsQFTcpD0rJrEL6PilHBuOZqBqUd0pb5P8=","JQ98QKc4A+JyFH34GiG/l0LX3HCRf26C+jcri7xSGJg=","1uPXtRgnHBosOFFL1EH5Q+dT6X2U+hsoadl7KNIp/d4=","Kr6syGmF+K8sQ2tp9nDGQiCY0KNnaEYZquXebmuxXrM=","LEkFJ2jkNmTeZvjSR6MzpybuduELVJ3QfBcUHHC/5gc=","vvSk7qChcJA/nlgPZ6qGp1+/yZuiQn/5PuNPyMdRwho=","Rc/9gD8tymAQIOq5td6/hGkf0vIfyWwEweCIezHUqAc=","5tkfYArbyxB7wt0XJmCH4mZu5K17AKvBen6Hk8xNpRk=","656GV80VXYTkQw9SE/bYMOTE0eCuNQ6QtUtOkBTu0GA=","q5tlMFpZAqjPeivMlPG6EpvSLoU50Q8oTLJ9jhmenms=","sR1we7jJFl3GAXFQ5zBrRXMwx1nQmXdFUN5qbI4sFwE=","8jXAJyzhkIC9szc4K+EbWnhca48Ur/f2HtGd/geiYgU=","nPlcKewchmBo3U73tLUMgBeqc9cPsVpUKd/vGyn0oBY=","tiZ5UmkxVuBKRARFenRV1NkZPpy+ePjZ0DykXees3tE=","ReXmA5gk2QxzFHj+8ozwPtRQwbAKZxvfK1sR/lKySzI=","UsuXx8bnguzaNu5moLN/hr0/M1OKYt4cz2DSeUD0zIQ=","m/nsEn5r6CWz/aOkaL14pC7m3ZPeHnpuLXU9kmuaUaI=","6Rz59aOONTsAEz5mJJeq8bC7bkVIM93a8/sdJ4hI4gk=","bDlDFxdhURMbZmKD40HvSIGgv1mn+C4xRg2UWY5TNYo=","QKSHxTC//Td2Mc6I5Uodhc47WayfUNu2qklGoWXb1YM=","xzXtX3kFFOTIYP5dZRcsue69htjbgwh4P0A/Q2XtfHU=","E0R10qCvYM0n2W1NUk23gSiKrivU3iaJTtP7wi+MooA=","J1LAKJrrzCoOMgYjlnnD06BY/vQ6jFOpoNQUmXNWGlE=","5W9K7Le9JUnV+Vehv9HiaB6p3X0jnRMCto4N7xWZmi4=","pix3fmn9AF1dvg0RCxso84N0OAmVu5LqoanlUKjal7g=","EiJgjWq0mkCLCKH1gwzPR43nUYCO/TfdwNBIx4Lua/g=","jyUUH+QKG1fmMiVMAhYEPCkQHSA0YEU1i1NhFV3OZw4=","DKFbY4bInMwktm4JfUAQztMqORKEextmk7cKFxb9xX0=","yS7KKQt7snl1uThn7+/yS6STRmwJiGLoT9t+5Z/U5YE=","nVvhB63ZuOScUUT9ACw07wg7KdOuDxU14FHK5vvCst4=","AZH5HFVezOGdd0J//hJGKJKMvWw6qNHDhiTlDyyA93I=","/+xzWw/BV+rdNG5iT1WSQ8zYV/YMT+mOaRSEcNhQT4g=","+cs5//t+LeDJaVjpo7F8x2m1J0Xq4po5qaZCZ3bzaqI=","yTGsaS+Rvj1n76q1FNJnKDggNwizs9Fb2A/sDFkJGME=","s+TT56fZm0Tm2XBf+JTnc6QuYK/JHI7PuRfYWSSrcB4=","qXysH/0fnjEybmHR+oz5c5b5aS5LQ5P09yYP4m72zjs=","V9/N8XYt7xBA4Mft3ClVYRkHX9BjfbHJr2gA6bj9Sk4=","HddjXgwHIkzWYxkzhMuV6imPTRG+U8PU2VrzPJFjq2U=","cWlCYgtXkWmjwjBm8RG/LciA/HOTh18KLZ/tTu6D2N4=","w/+a7BieFupUvXADPBU9FAh2AL9urgykEiMrlt+5eo0=","LGhCsewDin72zTdAPri33ouy0AEw0POVGz7ChFR1N04=","xuW3zQ+PYpu/TSXfrsP3nyuuYnetVCBD2kgmJnyZNJs=","X3LhU1EYY5nnpyhYr8/GjScW4+/LZpwF2SYqpQ4MMZk=","zEbCKhAw75Qz8LsNEf4HM5USO/P6AuxPEMabKyk2BVY=","OEHkOr7ze2ddwfMvVXCbQQKSUBEjaJSsqJe4vzfSLs8=","A66sQMhHWjWS+IA0MgINz+8BdVgizcc+h9uNg77PPrs="],"block_size":4096,"path":"p/_api.b5141a33.js"},{"block_hashes":["4P4hcCwxv4vshuKjhLYd5/sDho3uUXUdTgblaGhxZeo="],"block_size":4096,"path":"p/_api.html"},{"block_hashes":["tTMPbXztm1/pMDGvse/gk+dXurqTvVqRQI5b9RkXJ1w="],"block_size":4096,"path":"p/index.html"},{"block_hashes":["HWByudUZq9v7v9eQHYY/cgnHpBcYVTRHHSnIod1d8wE=","YeaZd+49DPRj0QGGEkkFKu7yrba6pQodVjnZouuNYtY=","cn8yaO2PHRzARF9yKO72GdmpxjKF1awoPg9pgm2wo6E=","l4bQG5uKzeOFBSXY+Fo/bIvSwSiiLmNcZ+ZtxncxPWE=","HJQQdMS9xqqQZnkVfLPK3LvHd32Z+auqC/402rhnB0o=","vUUsvHP8Kf34sfZF1DLvMx46v09DFWco9fxlIzBd4Jw=","bnDVIa9eVmpKjIEMcAvH+6crXvdqVWyEfsCKrblgcjI=","324BWLLwtLZyR9XER46DbmPE7oftj012DWFF19qVL3k=","XsKa/jGAqTQ3N2xMxWzBAGK7cMdTReYYLkUXugNDa0E=","hADgcksDdEoDe8bh+dOCAVwV6PHPjuFIj1atFJ+88tM=","1gqodQ5uCDbKpE7VQ87UgApAdzmoo65nW4eZJ/vFoiA=","GYhSG2EIDnCMG30CpYXUyuji7GojpsEXgVh4IHd9x0M=","uMfyknpHAnNMmO0fkfxy70n+ihNswpEStEXTBeIc2Fo=","lZiOn5eHSshrfTJql+MoNssnRXhX7R4AAfS2U7/WAWg=","XZv5CQGPDMlOizSl8tTdr3htWxU/t/f0nOdTCDIcbR0=","UPHylrDLFIFU8WGE+Fy8EPDIzD/lmkKLP1A4Xfw1xGM=","SRnggn+Gea5YQbJbwu0bOPo1u68n0IOeI+IyMYMWhmI=","vIvzlSpXDcVfYP1FYjE0xoSzhMp8MZXOIj/3JiCWH2I=","janwtbTqhEF325LVQDf1fp3wQf99eP/S0Vasys/1z/k=","2JqH/tfIw2HlicKw3ZG5j6emNQosDI95sc6ouSIax+c=","rtYmEtaJ7QJGOJCnEjHGsL0nU44TUVftABD7GqpM9v4=","hP2zAk3D4jwnYl6WrC0TNV7EblYCjwYjSgbFH0j6pWo=","DbJ8/gOklGzVMkqbywNQVXwWqQnk6HfIb080EBfcnoo=","2WLVXoDe7NWfWNuNzKUoTwVaqR7m+gln541D/WpE5hY=","qjQX18WPq/vUh2WfoVulWUk/5EEO5nLvYicnF7xExuM=","6dXWw3rT6UQGBB3FBZh+4LPed6qwbwBgMH9Kr5D6NRo=","3iL/BaJDPaucUkqtD8FSdOCgQW1P0r0F1Pw1GvOAu9I=","uom7c5BFG1ywgEo2X1UKbx5DLLtnibyW+G4cFVUfFVg=","+YnBvETvtISht76oouctVOG17uq2fsATH0jUt9JHwms=","BucDPvIg4Cb0GaOJnZkuJLJWMwnA7RwXGeEtTwquljU=","cOdQcuPJfVDKCSLAC8W6uyuiamKqHFMR2QO5cEsMEgE=","ivv6NYY01op2GStGh8bkHZWI4pQfKQRG+o2EwmubjmI=","3knUFO5K2y2/heyO0vf99IGNY/FWjFknaWorsiymqi4=","8EJNy5Aq62urxciCbjF6TLNstFkJpXGjJg4lLOu6fvw=","IyTIMYyiLDwtWFez+XxsCrxxCbK1olfy6lfMf3dA5qw=","apkdjVYvXZ2B9rTh1ZJZjRZdLsPoRxFMfu/FKDRvQpk=","Z/gD7BoaBZZn8JZdW/YVPYoTS989voFQ3oiQ0cG4VtI=","A45IqG/6dCvALaKh2+SENVOY7nDzrhT7r4Uf4KmEkPs=","NFWNuOjDkR5msE+/OAv4OPcJHRMU0FUsp1bTz5C9MpM=","uY4h6RefuHLQ6pj9IwCTWOZrF/YX7Hi0B98sIJqQ8yA=","zc4eZiQ0pQCvGqLbUNnlyQn52JK11M6NImQ8rZEbj8w=","i8U9YRch1x53il8p32U7Q2VVFII3Ilc49g5gk13Lu7M=","it7dIUjF8e0mtgpUEBBFb+AnIyvw6BDjR0qVQ9oV9nA=","XhibbcBeNScd65Xepna24xBp4+kvEQC3O+SNzCpyg88=","GCGy2fyzow4vgbZCeI4Ix9oYARTwvKrtjpnUTWbQHFo=","JMjm2xGWjpu+NvDlHXpxRDzmt+Z7HcnZnH6GT95wI6M=","7eYKTzK5zd/9iP+GESM5wqp+1OcQ8AMnSTslTByXIAo=","1a6AJLkNkrJ7o2x6M2GDypWELJdp4fZz9O0uMJ7OBMI=","NpRQKWiLWFyO51bm26xdqftHbp9ThHQw4EkJVk4V+LE=","dJsWRE/XziSbTC2ONxYsVz0S1oWNyY9q+l4CwY2rKUI=","m1Fi7ftPlZuZguAsC0UizDMTBv2uHypaQ/nIWvaBZPA=","aMpB6mAO7BPpN8sXVbiObuoQOOZgXFmX5PCwNEitYaI=","xuLTbREhvlA6ppMI+2EM/teAfsE7M8PSxedQ6WBybnY=","oN45VoKgOQv9rRFmepMf9i3uD+0uThPOgfzYmvgAu9I=","abuUeA04dFmYKQ0LhJXZaYEpwGcFlyTjAULrkRlz3fY=","L2Ts9YZx0wfnmRSc41Ks5xGPb2faJMSMm/y/m3Nuprg=","TC+389+FLdnZKGa/vYcUlZfR8CuLb/HF6BxDHkWLc38=","dNUo/gwHbnyEPPURfqG/0wpA6ss7asdUHgHT2OFrme8=","KZHhSxvBg6LL9abl6TmCDdqmP0SMYDYKBQv5+sjSoN4=","zfYUnFUPAavJ4R+NinI4URyEmGc3zKyY6ZalCAScXJA=","tOjPYE+yZ2ybVlbTEJrLQFtXSABs8yUGnC6D4LxmJ7k=","VqiWaHmek4qxqtV162S3bwgwNSN8O2LzgH4/YlaYt9g=","fHQZ7dWJvG734H0GSTFDvjcO2sKuQgtDdElXa6yDf68=","kDbR3H+DN0efWYguP1XfBBlbKNdWqaWAHxQt6pV205I=","4tWo9DhSmAikHClMx/0ZeNPajUYmYU/MjjXShNCvc0M=","F/Xv6CDJ1a8IXG+n8tz+Ou2OIlyThDQqE1YOMiBCQkw=","RPMJlaezHZl4BA/ycR7V2YN3xhliahpVjIVwGPSHraU=","DPrabiRONRAIj86wq+31iMb/giOBv1FZ4sMzzJQasus=","Cg8z7m/9VSL2UFO+jpxUj2WtTdkq0kzoFdv/KdE6mi8=","ZJ3uGXMGCrwg1eckZM/SEapV0YC7cdsT3VkDEvlUZwk=","eLihjvqpsyylBMbgiWy0ahnttl52YMuGfT4hZfueIiE=","anyYJsPlFriBQtIO8i3WM2/Ok7hcitF/BW3h8JTj0SE=","5jZD81oWSLogdzjM5gf0yO6VogPOzlnRLjTbml6EA7E=","i3t8KhjuEtpDbWG8LaTvWofMI9FhIZmoullTqeSt0YM=","JkIeU88UuzHoEqUmeXPYTL5QhNzQt7ZdB5q7AVKXQXE=","TuT2rFlbl7hVJkt6tb2gj3TDjljY3Lh17U6ruupCB8M=","w6TzVc69A8LgZ0wpl6Wu1Psh2ezoTJdZTj0l82L5vEQ=","FdLpw2+uj2XT3cKoTHgVHnXMooEcTd9B4a4JKbIByOU=","rW3yPtOkXGUePZr1ndvOdEU+2g/Zo0i4HNfADQWK9Wg="],"block_size":4096,"path":"p/p.9c18c0a7.js"},{"block_hashes":["k9w3BY39VpOCwoTD5bVetxXzTmhqiyU9drxwZBwbj1A=","GZKROxH39kDjukq8juOuFvr1hLX1yfb6NW7GBTwY0nQ=","g6znaqO1c9uDj49BHeUGGr9v2UCusY1/DVMeM16kv6s=","MVJ3xswE++Zm2n4uTPeHF4d6N33oHapxsEtpPPFncA4=","fb4CTVSrtA929QzjoSUcfzl3mjHYLHeUi83biwVTHfI=","hnKZA/01ndcFLN6nIJoyKeFOTUSsj+cEloY21JRtX9Q=","SHo4AWVt/Cn9g5STezc9EHMNcghbuYBbrnyxAYCRA60=","lnqsMis9lzmi0KuXFK/fBaOTPamsU1l1rsQUcuUapaA=","Gu8JY/yla+4wWGFrdNy2PggN8g4hzl1GVS3z63fRDK8=","MUIsbFzSQCoTFVPPxl/aZH3738pKBuQ+SVnE9Px6HOQ=","KKWuaFFTG4EdozQR5nhr2JS7rOmPZAmgpLSZ9DMypPw=","UiO3Td5uhp2hma5BmOvX+MdMT02VILlnwH8D8c8NPKI=","03EHqyFISMv0u153kRmgFahMgmI2l9A1u1cHiKJjCVY=","SrWjm+8sTsrLLSjleMc+v5Tfy7NZeUL/2t4KWT0oMeY=","vvABlcZ4yOmJWTII+iUpuaGkjTH0ANp9xLAM47xKn8c="],"block_size":4096,"path":"Pe-icon-7-stroke.01c98a59.ttf"},{"block_hashes":["r1ZrVKsFBXd510mlZ9ePnYww8jG534Pb9I1Z/P6z1gI=","ODYXvasRxnxOYytLkZdE4oE9v3/CnsCOVOfsUtiWsw0=","lKBMxg0LlS05Rkl6uawhtCng1kuqzKIINkGN4cVecyk=","miQdKpbmAw0Cts6YLIS/RZn+n0rl4CruovHEtJUtKYI=","Bc4zU4s5h6KpQ0+i0tad0gl8KTV/tcwpyOcdCCwmGRo=","h5dcOC+A+Xg6ija8rkPvdT4FFsi865n9jrH1GjCsgQc=","kMoH3oiyr45oGnlMP1BtDSC+l8131LdsVekHEjkmo+o=","Kl5xmrNFW0Z0iDSPU/RDyUC8aXxDU2AjwptNcNGec7w=","UAUNaZCCYR8I8hWM6DnE6wSi4g4DHdohm1WI1O7AGIc=","RNkVSWSM/w7yH1yFsrSBFvmQDYUNOfC7A5HTMQ/EbXE=","zXZ2eS+TnplnP9gzi4xyaqpTII2wZxtzSZ9jjNo4/eA=","1A7p96x5tArbMNXWb0T7U0pua7iTQUgYBRVacbkqXSw=","s5PFUd+c86wJN+dVxWnMzuu7XmIx2Drxv6TCkf3qc0I=","O/sVQw2CmTGGX+1DdzNqG/B+1K48jC9d/G9m6w/Ukhk=","Fjz9dv0eNVlkZQBrGToTm1grSIF9F48yfWgFNwAHEtU="],"block_size":4096,"path":"Pe-icon-7-stroke.23b44035.eot"},{"block_hashes":["TRDiUMimVcSpYb1cgfVaXA/feKzhpPmC7Y9nHCjFoXM=","qPCt00z1OdsSvPp2vIGlIDVd01HhIFE0aJh6W2gOb40=","gP3tAw1vOTUOdx0vHc1pLqcYydGkIBLNM9VMNy+uy0E=","DhEDIp8FBDI0JmWrplQe5Jhcfb2/c91/qcrYwDWF9iw=","xRmFmcgZjARC4C+oq0tyq0OnJArS9Ut15kVevLZ7V9Y=","u6OPEzamyLSmO4fSh0gkWNXx8vqbgIdyFSxX2E4y62M=","X5NdhXIU/3bXW+pfVH833GOCBtHMM4ylNZIY6/AqX9E=","F11T8YVCr1dx1nLjgZcEQ/TlimvjZ6ykaZ/RPCloJTw=","aRPs5Sz49o8C7hqTO2rm6Jj7IPUgwJdsxAzclPtdCkw=","5IHRWhXM5CKR5tF1fgR4L6sr1S1cxPCBtn5xK5CfSC0=","wuDa7vVzjEKL/27Ntazkh+/FOz2EASMz5W4MWKV/Wic=","tukZwvRkAk6Kl1vwPdmdV56HzOZYhfER3tfDktlvGDU=","+foQqcA5UhHmkVHYKzmhN33w3t9PYZLEKsKF1hcRqs8=","7zuVeC0zUaz2o18usDIpKJz9mlgg8eEUneu+QNCnjDA=","mFRZ6ruwXxupubeDHbf4zgJATOqjCzQXl8RoKvTl9rg=","lRqDJK/g/oZvdkeFC5MMdwfGKxFcRLRJXWFasIZHYIo=","j8jOEjP5xdA5ZdWxxLWwk71kkoqG5pa9QQ2NxLaB9aM=","rxrzHnXWPmSF/XJ8D06IyIWjKiIWDZ/cNdP3PZB7Zbc=","cIgpikJhXQxZH/sAMhkFkv9MJ7k/Z7J5zx2lyjJkprI=","S/iaqnot+enPVvUnoHLXPvXsKjurA9v2TVqWUVkjrqU=","h9GSKtQtiCOHJW8nBV//oLQhBt6hnQNV/RcLKrQz+pI=","opUdD5/DxogM3zxOtDXLkWvh6NbmhguItF1EB4EoXP8=","8fjUqvHbSZHxbyYX0etJlhqdyKMp2vMP6noLCORVo4M=","dPBMmi0njKMHx7ZPANFcvNas6v/Dg6rTTA6Ip7UO114=","G5KrmHD4ZhxAOT5sNco6PxJR2L8y4eLCQj0IZlvNg2w=","1RHlGGjc4NbisyajKZupj8WxHgvcRBRQGKXrncNg8pc=","C8OdT+as+vhrz4BCFzkwB6HtMg5KAvXjLZkz9eotiNg=","OjCbcaR8zJgLJfXKwD1n/GX14wZ6qAXfaHSl2Flbjjg=","8B/GyoyPhR6Ow/fLP6wmPGTUMXozwam/A2QIBxy+jMM=","BDpy3m3cJaLmOqFEZdp/ByQGGwkEyv1FF/WHoDpffDE=","jM3kdiu2A3LofGcU5UMWwmttbm3Wc+bhEfmrE0FH1h8=","LacP+2RsbR9+FUtaO4FvfTRHlF7j4uQcuhB43EbfCV4=","4wE7V9QfTHTNZztK20C8MsYZPkXrIVgiq9cY7bPljNw=","IWzhUTpuLaKV9JE2Vw6vpDhy2d+4JJIM/eLRzUePooQ=","x+PYuAkUupJCy/Is7QztgkC7tv0fEuH1vJJaigZiEWU=","EUEcGI16YKzK8RkPl+7ypvE2WCSj80H8Yz5NeXpw5ro=","nDOLoYPPxUW+pizfX84+NS2ePHBCP8KR2iWY7whPnVY=","XA08XoO/zoS64ztbK6J4tQMHDYqnlRFA2wv8yvgu6m4=","qXWrEoYAGP3BBPWQ05B0Kpvv2QztviFIEkXoEuA1Vy0=","FgiqJfE0wQV4nx8YadHp/j2cCAy5qgX+wqQysNe5F9k=","H8Hy7YmsHKjzMYf9zRRmHuMZx5kE/zpKxmn3xcYYXvI="],"block_size":4096,"path":"Pe-icon-7-stroke.59f828df.svg"},{"block_hashes":["QsZclCgGhfAYUafFz6tFCYXl+QjyHGuRwIPa9Y2ydiQ=","LA4oWuZhnIOZZFlF/80KAFpsHozHwPa07M9Aoz540GY=","44DpDnnhGPqBv2XBBOwV1QtY3CDrqPqEbG5J7kKvHEI=","FFy7EzWnSYmNdo6qAYuh6P9Js70ZS+DUBIkWCvIGdho=","qiyQqlU6+DF9G5lqiLevSOe+FcEHtFGy0dKLO0p+hlQ=","/WQlttka2OTt1Fc83gLrSblJf9tZnjOFCbvsN12D3vQ=","10eXVMoxwlhU6BwltOml1fHZXGw5I8R3oVnGmCqy29o=","TltUd0A1fklPzDfXMg3ZHid6Vnre51/bls/uDUBcvOY=","ipLzcou9psTTFpJdxSC3n5iFXdGd7xF0TnOu20tDLC0=","p07tYNqEL0kzxFiEZ/1aqt6pJQQV2P6XYzSUtQfoyrQ=","kR/vUa0LRBQYD/s2XrjO/K/IaWsWnEc0hAm0xP2564Y=","61t00kaE8h3C/yUxGIadtZyZqUn0TCJhLcaaYFCVhyE=","C2XWIQ0QNQ5wp9Vz139Q5VxVE/yLNn4cTVY21qB/nBY=","44I9wCg/GQbLD7bKofwYKqTvfsyAWvvIngIG+N0xE1g=","nLzluUQv3kdrRGig90FMC3232PmqHzHqgXISTTVM4qY="],"block_size":4096,"path":"Pe-icon-7-stroke.817c479c.woff"},{"block_hashes":["JioIerWgb+0eFV7Q6TGt1lrwLxrVgfBsLpnuG5syMAQ=","s2or+PcxTPX6ypT2kjaM3I55Tw5zG7v6xCxL+/wKlfE=","fGYeZgycRIt0DFncLcVws5liD2scRS4v2tNSYbIrrWk="],"block_size":4096,"path":"pe-icon-7-stroke.edd4c721.css"},{"block_hashes":["qEPcZibwcO7DjIXmApA7x85Fgz16HGIDmQwrViAG1oI="],"block_size":4096,"path":"popup.4dfbd9c0.css"},{"block_hashes":["pGdiJR7ZDT+GAymPqy6MPEJ+Zy4OcikJdx5lKk/NDK4=","Dho2fpNTj6f3lTP2MvVYXLOnfBemtc4QbXLzR6gnAGw=","v5AzpkH8DyT7FCoHJ08MxzZSQVza3jy4+zEiVGHCxRQ=","IZHl+rMqMnnnwtNYhViSpwBwtbih/txlDg/JddZmha8=","9qSGsRlw8iOoN3e+2DvGVU6N8u23IStw6K3uRfIjbaI=","bE4nwUpo0LYZcCqXWMyUV4KlFAlmVXcVh3FpQk6CONE=","puFZFc+mY1LyTVBlOYaKKXSLm+KX9ajkkUwD1TcPhcM=","sXb0xVn2SWt4QRCZR5zJwZnnJJSz0bV5q1DeqpyXSYY=","6Q3065s+Z687ZdOacbzLHt71N+yxLeKyPhf8iabA/i8=","5OhCXivDkNsT5lnNjiR8VNtFCCOkw3GaeLMdWfM0c/4=","4NmVr5UEoG73BC+u1n1kdBhPuq1voY87H3B7A0oBVv8=","HMc0uEDNzXjSmJmRheEm2y71IJbJvEXalQwNzhnruKQ=","l3HAxUWqAqlV+sUagkxQp2WNBTz9/mmWL0OqYaSbtb8=","o255njp7F5tG9Gx0EFHYnvY6KAlm6q0J/tsRVZIPXf0=","nxn2H973siFkAUXr03Ym1+5kvCOZcfUSMvBAfmdJleA=","HoPjrOkBqSApXKOGbPKAg387lrfnwpM7LiJP7KpRlJ4=","I5XID4V0W0KeuQXYV896nY5Uu4vTXkTKCO8KBGy9AWo=","vIvzlSpXDcVfYP1FYjE0xoSzhMp8MZXOIj/3JiCWH2I=","fHd9nKOahAuXDDZfItIs7S1XXJQrR/2Dlu3UDGwReXQ=","vCOz2X6MVTb+gs6kyAxtk6N3wEpJdXpDXXSOXS9LEwU=","1vr6/E2w4d+nGGiXlDRU2w44HA9Nd+IMV3zuGpykDsE=","hP2zAk3D4jwnYl6WrC0TNV7EblYCjwYjSgbFH0j6pWo=","WnaROwrf5KAJAenZBOy8dRGksTdqsHJDAzPmRWuLDV4=","BWqTf/AZNfch0Rww/zeFoYG+gBAJFbM/kEgTrIVSx+o=","Jo5M644kZUmfH4iJg6NE9D9pvzVd2PkJgOe0EDbpGjI=","8qIYB0QwOJ3vNxblWha2O6Jo7WoyMK1SX8IbIjPYcnQ=","IT3vEDdV90sUCe67fABS8mwcOgvvnltrbq85j0w3RAc=","EZJJ6YkQkR+wSjKMtRjNKPEkcnchGAP9kOhfId544C0=","oSaIgEyV+pW2gmCSsZ2hSiBBWJ9ARK6chMU6tXwgoAw=","VjH92AHBuKmIspzUE1ec3iTuxrgOZ60Bbi5Ud+tZlcA=","nVhNrwAMGcI9EuVZtbkDnUllJZ4FppgGbjZvkYiwEME=","5O9v5NZZEaW/zI4oWL6g7NEH+QqoAaKt/FOfbUR5Qj0=","MeT/EqjNmzIUVfYi9qE5mcQiA32e1rYQDOnqbGJHOis=","sR86MsBL7fJfG2OX1/gdrypzRH6a5knYVmDBZMLXwFo=","XTfQ04/OlUtxpfyEIpLsuCSheskK/ezLOp7x9aRgg5s=","qdHKp3pQCShPwTVHMFZZilQYStwpt8UYilR51eFvznI=","2TTf+oMrMlIRh3bXHNhzXNIZM8WsACUEcclWnw/d734=","KtEaiKrKZ6wQFARfrgkVNoXGVeYPG0xbVmLb4Q9FD/c=","O8BrN8T0EGnVV0kLLB0CWFq+7yXzDR87q1bj+B4ICMU=","YWhnk4k+fz/Rr/HRZ7PobMlQXXEYV05sa88TsX77YsI=","KRsbOsBebxOc80rsWKdy8VLqCpTGIqimAF/qxMO/BBQ=","DAZPvH2tHxWZALk5g0fmJEygQ2c6eebTKox/fzkgrMk=","v6+aULJFSdBpzktIRlBK8STUkFlVz4EV3bQgwsph+gA=","68oKdo/dYVp6aht3cVlhCc9zpfMlAkFNHIW6GWIC9t0=","jKU87vMMd1pAPFCPzc1L6ahfJWkljHrHWJgBB5OW0IM=","94HNX6A6Z/FjZ7D34JnZJx4qvJhm7TPn96M7j1Txgys=","0VMM6OhH5TKqtqmPBEyWhisoEdcihpHmK02j59QC/UI=","u96KjMa0JNhVkJFcg8FrHOsQkvi+Vrb00amIVMUAfEM=","dF6U2z+ULgWYOBpzzVctTJ8XVXp+2442DkhoWAfQx9c=","e8FxUjqseyv0jI3BTA4DHhGFs26k49+kOfXbBYdA0jc=","LawQfQ1BIT6F4ScoRxiW17i28sZ6VeAY063F/9QstY0=","6a9bokAxc2yIz+Qgr6PD5y7HcIp5aEiBzd/8wGfEJKw=","Pn5BtTZL1sRk7VVTRyybG/SiFT6LjjHaZapnVNf/CDE=","9P7LUOWf/BOnWanKNkQZeEgxd9yBqMwNl/vOFc1hsss=","WlrRsn95SzM9BMmzdU3TgvSuoM03ZE1FfQT5CRhqpMs=","BR8eL/hI4Ttq+ScrzP8nvzDhk+bD2/f6atq7W9fI7Ds=","6cSLDwMtk7QcVCb5uF09zX8ag8zog598CUzUWVe1k50=","1beJyFu2MYvgA/Rfh6j6gqR08u7zxJkwQ9X6xKv6EHw=","1Fq2oM23kG2+volwwotkUN5n5Ex4FuEu7llvNJJFzj0=","WoCFJyTSFhBZab0fn7di1iISfsk18kCEyLof/fiRqz0=","DMsO82vnsQo16W4AmK6hDM1AK/7mx4fIrSI+OkdPbQM=","aWRIN/aKVOwkWZTyNmk6LZ/lrsnZPrEGmqIZ+apDIpk=","oUTNj/32O2LGAIA+dnJryPDRQ51OfZ5fsyCcd6Vjt7Y=","FvKyDK5aP5lsrRlVb6e97AANWWBHu6OBxFceEk7soXY=","XhsvtwCo0ZmHDoMIs7Uaz7H467+JeDwXMTn5AWXZRTw=","m/iIL+1J8O/j3Gg2rJkiHoAcF9SrYEJEzFpxw457+4o=","esr2p9OUUE8KMqQ6f0LVV+aOXaRe61Ibvo8UqlwdeRM=","6UV5zNKi07uAKwSw7Ig/PBhBT5EcrMogBhLVdlUhgXA=","OK2P5ZX6id8wa66/pnPnQxcHzmceMBd2paCOPjOHghg=","rrc60zyYZ31PrpTUCPUgiEAqcMG4GghDIP3c6kfRf4Q=","4Qz6Ano2nVFWF/VFdGLN43Nu7mCI7Uo/t84zU/5AY/k=","HFolZuB0XOAHvxZyGeB4elLr8GC3l0apEGTnYrAR2To=","UgBNBQDFWzGIRGpEC2GrIPQJJPtWT3KmYXzDLsyOMBI=","aJb6GBB+WNQ1XspIkxtWS5khDwbZ/cbGPfm+F/vLttw=","iDUiWN/OdaiTd4pihjNykz7766Idrk95uI+Shf1BbFY=","E2En9UyCfKOQstNn6PiioJUSqrv2HvqSSN57JvWtqqU=","Ox/qoK2kdbZx985eFDCnQ77z3PX/cqZlRkP5cXqdYNg=","uYNRTdvfooWy588DMiUtfRsT2GmsGCgIL5GhIjCEt2I=","92JZmr9ZtbnpY1lmUS7MyB8kfgBSSRBWA6QQBhRqnGg=","VFtordD3UfrF/PFDCFOVwYSkDG72SjFNdmgVefbgw7w=","XJVp/TW0QP2rokmDojcIMSpGdnczxTcnEGDa4N7XGJI=","cKmjt4NUvcKPb6p7zEc/gl4x9srrZ88XnM1ZFaWTKYk=","M1cAZrdKitPGwBmbdXs6wImM7NPVsiWGr+MyrrzFt2E=","z/uBcoG16/kGgL+Mc1y7nSEfhnXltQH8GcG6+gppsYU=","WHniTm31q/p+bHm/WlTsSRtFA5Mcu6Aqg7bJ9iwwMf4=","9+Q30zcjxipBTklPj/LH2qt3wRRbMoDFuCkTcZfMBI0=","aKvg8osOdaR3qwFnSiDdrAvFNpaC2GWD02PwVhsiggY=","lJvAehcdIh6JCmWsb/PnwaHmk5Vb1pSS3IXyLpeTGg8=","ylSLjs/7VqwyQ33Z6kjKIAdpXaS+RUjKqWKPYRrX/jw=","2acIoON7wY/QZ+VrWlGv3K0I9Fv6Q9waFwyG50dNMVc=","o67LdSfShnTDOdDM5d/F4ze4UOGRg+aXgcCnkiF3hmk=","MWLGf+ydyHDcoxhsHCHU5Pd3/lzQGK04Ut/TticEAiQ=","PSRSDU8E5eEcqJwFD/pe1MyvMxjMNdgpfk5qyXgNIiM=","mJXR91BK3rJ6S+2XQ2chAHkWl7B959vyyx1dj9xhVkE=","6OdT6O+Wx0/ffDg7IIKoSt30zdwiHkXdQOL6PwiOo14=","VicLp2bCiB76TYvMLahFX6swKHLuqBk2aKDXM6jW8EM=","sWY3xZ98HlsCvbFvo9QThQ3VbPUOIuxfO796WRoVBTk=","Pr7JkCokRiOf+idlQzQP2lPNAY9pzZT6TFV3cS1uzjA=","0FEX/Uhwa32bfD/+EelUmhyToH1LYZ763G/tk2/2E7k=","tWctRH+0JNwXxUK3RgjdBXrbU21uYQ/hKu0fWYmxNmY=","LFZWgy6qiSZ+9kDWwd1NcbGTCPZyKNP/bA7ouf3+mx4=","fy8V58bH2sVeqBRmC2832BrMZsz4HgO/KsWzx7XHJ40=","lg7MLlhPpcDd/XXh9QSQbK+qNCkbZyPc4w9MMtXXPGQ=","QE6D1xOuKz/TsuEMTBLZBWaqYRxhpzVFdhgAjpABfPo=","0CwZ2Mw4FrEgIyj4prA1DjjnaInY2caGwQg4YkASDnY=","sQM9ho/pJs579FY8zP2Nc98KgXehYbnaY4rQt+b1n6c=","xedD5GvbPGpMNOHSKaymVc4sP/qe4AJv9qktMeWjRSs=","cLP3Nz4U0sDXsmBXhabjNxQmi7c+Qvdn3SDblzSmL1Q=","CYzjn3sYrRt0feQusfcS9x7GJKFa4Yt7tvfZ5/O/POk=","x7BlpADfjol5pkmV4uTusJfOl7QLgH27Ka8YUNStVRU=","NLcS+uLX++/aIf1piKIZuc9zXubuQ34/2HAjYWOVSk8=","4SERCmTmUIC11Yo6RQF2UL+FwzsglulilL0qkNoxBXs=","YojYriWJhF2Qo4QkChrr18boiBIGmlQGzOdlzgzX1S0="],"block_size":4096,"path":"popup.b2f62dcd.js"},{"block_hashes":["OX4H1i699lEa4vkrMVgxf/nwJ3qiWHZeIUx6YwFGtVo=","XzzW4AIdbJGBE33vtPGAzH31DS4/W8ErN7ku2ubLFxI="],"block_size":4096,"path":"popup.html"},{"block_hashes":["tPVM17D/Q9V4YUijMB0fb8ZFHPsmBfUGoO6+gj18MFY=","Axjv0UG5oP0Ln9AsszoUPKOq4VKRXIOncoRkFBz2PWM=","PbZP+FQyjODoUsd+NBnzMmzZX+yBtl53yyzd1SQBydc="],"block_size":4096,"path":"prem-emojis.99910e4d.png"},{"block_hashes":["jnFtC1ahhT2jnBnBbJSWXsbEP39+9VVA7sOvAuY+WM4=","BaCeG2MXKr4pQjsKNKgWHNWhLBZNUy1bUdze3G46zY8=","liNSZVfVJY/K0VjpD2apmgwkIRveFBzd7VHbk+DoLzw=","h2qPv2udugoXedndeQcd/x8+YZ+cfSChE8euNT47tUQ=","R3lcOR45V5h1HhB+oi/yyPxo5hlkPezkFoxSTyBrEMU=","aaCqSQVK85tZhj6TIKZw83fMPKU/onKs/awUG0oGyyc=","bGN0W8Iz0pM0D0uW4mMWedVmcLzSMfLDgAtk2+VmVsg=","Oc59VuwETU4bzv410TyBLDk2IVLhi26qBAU0VdPXpio=","yJW+dYqY2sKXRBmOVXklTIfu72DHudTj8rRSauGuH7A="],"block_size":4096,"path":"prem-emojis@2x.ceeb59b4.png"},{"block_hashes":["xhNSTSFKGLwyOajnCv86UgULhQMshK3hmyBwpDumjCk=","fBOGwkHDmafBLE9TR/xcvDA3vm9VDIHzb13k3mEpjds=","NEW6kuiP9eHtHvJJrUMBJFJhOFtKW3BW+GMBHa26IYM=","d7oOAEAe6ZIQwErnq2As6fuNBwWOyAPodaDV4u9szqs=","Vvvg7r+3FPDcw/Wmw7PkejNzoexkFqEBpUAw6cm46j0="],"block_size":4096,"path":"purify.2d3fd5a7.js"},{"block_hashes":["QvETUFYI8YMQ8OPrRp3yrtxZPMoG9sX6LVo1dHQxJnU="],"block_size":4096,"path":"wave-emoji-20-27.0b3d641e.png"},{"block_hashes":["1Dfp8b8WXAodce0buf1zyWqAyXfE3vaHwyiVYe/7XjY="],"block_size":4096,"path":"wave-emoji-20-27@2x.b050072c.png"},{"block_hashes":["ZLpNQOlbEsbJCB4hP+91oE/SGEpOzlt1G0Bb9NhvV7I="],"block_size":4096,"path":"welcome.88e2eb81.css"},{"block_hashes":["yrunTrHwvbqXUNDQstz63x1aUzYh+Y+c9eHH9zqJKGY=","aiDLRSw9I0Hdz066AYkVhiV7llUCSTkZRLK3t0zrv0A=","liGLoJX0R5Faaguq4DzDRPVhF8GE//s9Ev1zbJQISqg=","Xo8h9IGrBs6gb84z6eP62C9vY3WAMFN8veko+c6DrnY=","0y1A4OGJxgmNgjlgP+nLojz4MMkYQMMZ3ImwjtuiR3g=","dHFqF+faC1PJN0dwezXwTWSzph4XVdnNFqxevZBBUXg=","/tvNnu1OkFg18BIybXmforaOaNC051xKQNq/jpkhsZo=","6KAsRbpmE7wRciqSWImeKyXTVHle/Md2IRQAlGQORyk=","0Wrgj5MJzh3980BIKRaONairhBV5wtgtYfZJrGgWmwM=","4oy3mycL/NaDpgmICp2/51/x450v43R8EAjxuw/9WsY=","587v4ZDAcXF/DQtSaA/T/COGoK8y2oRZ1brv4tnz7Ag=","mV6l99yuZjQgcErZSicWDh9OYAiB0pU8Vlo53KDCOrQ=","WErNfZ4EGFxoXrejx1MFX95P2GXkLBveaL7uHzkMYi4=","+ecAgJagY3zLlHGu1NBaAHuVH19q2QeIFzdY9iwsJ/M=","qkjZOQOEw5sjwBeoELblyCZg2vPKDQU6Yr9frtHRzwE=","amSz6gXZ8EHcFy/wRQLsUjrYCm34Cd7UvfgfofFHESY=","rFqhTwp1ourh8W3iZYzOQsona5XIQ8JV7fXydIApPI8=","C3VN8gsZfP5u2+KegYJozzPPYINMMgcbUWL4afATMjY=","e8nx1IdSPB3uhTwEgaQTTATqVT5OnYujCmQc1g4p+M8=","6ePnsz4faiC/7y8AWde+wQIZjMo1035NiNZT2QOAvtY=","uQ+sOH2KXfvkiHnE5pVnIPyu/U+QSqvvc4kbMfPoTT4=","BIVysVeSim/d02TcanxRThalpyS6ixjttedZ6f1CrFo=","4okgMSLz5QjRUBQUYPSr+S6R8cq+y1bDPuWc/HFFQLs=","frn9svx2O4G4EjRmZxZV0kpV8IMpipRpZtdctCxX4DY=","tJWdNyK5EnAicJ0/pubun7wClBcJB9mDwH+eDG2WoiM=","uUGtBF+qrMcIYV87UBpNlS1prnWYBdGG2YBtFQ1ibTs=","CcprTLdk61G2JLkMUYHSPLEa/BLflSLzE/S5kR02fKk=","07w+0TNssf10VwE45V4kjSAbIlIhTmfZHFU62Z2lvnc=","Tnh3AeYh51lJi3GVmAZOfvh4gh3VItkW1Pgrv5GFClM=","SAR+3kqS32CA7Q+eSFvDGpg55sSFQNsBwmAQb1yKT5Q=","3uzYA+TP7Huzn8cN2h4oOoS6QZvXmxKtHnJdyiGjCtM=","usjeKOlQOG55uSjjAphfatNrvgP9ERMKcO0bR0fPC8M=","KdKdkXCtS/3Aef6mMHgALqn79Nj5Poql6pb9ofb9WQc=","yIH9RdjK3LDYoNYBdUSstPA6mlM85O5kEXWwq5Ql6fE=","hULpj6vK6xJAd28SZvNXrcc1ijOIl+7G8Zw8E2/Nerk=","fCojuMbp854QizibVPfZ1NtPNfr4b2CYwAvU+FJ/52Q=","4pe24e21IgPSvvjOxtunKLL8e2TLGtmrtTo/UWXblsU=","9fEqSuTNDzpDpMqQBiRN9nNGfWI6pqJLHRbQcmEK9Cs=","9KGYF081x/00HAki4lcRnbCQ0AsqaycYZDuD7dZQXbU=","fZVaa5IYmx7oC1QBrcsTIdut8VUMsyhaVvumUkZJfe4=","WcVEGJjD/Os0LjSJXPB8Mdu313UfsNBCjjeXX+aJXfk=","1wq2BRhn/7yzXfOUmBw52T4tcl0OgXT0Y25F4pNK0NA=","biaZgIiwIl841lbXSPOsK+zdKoKq5/L7Xh5gTjlRnBw=","aqNP7MK9VIpC39mQSPh/q1wkjbKPluI2YABp/HI8jQw=","yLvl1giSY5OekOa0zAzP+eZ4rNwB1tbFpL2O+C4h0mc=","SDrgKviFc+qRyJ8i6n/UG2o3GCa+waCLGrkJgn1RWkk=","NEpjKx76cUXwbSx0mf+bTaPkALuHje7A/Dz2IIt8z3U=","fwvOs9ANRzxipCDP9B1knhwOEpD6lZn4dvDUmlRcqCc=","K6jfNK1ZoIGiMfBQWh9WLckECTOa1ooi/+oot9Rw/HU=","HmfTxnOQ4fDSRyeQkWhUuqRuY4oRUUST7BSdcK2F2aE=","cN++J9jDTJuLs0AWNtGs3jzvRsaNLZOc6T9BipelldY=","O5320s/D7N9w3IdRXwfB0j3x+ZicxA4SljWNVd3RKTI=","rdQPOdI304kof9wlyTBEpX1OGdid7ZGWTy9UFrKzHTM=","r/wtZIBQafwEl+kVcFZ0CINR5jApk0H/hGIbMZtV9KY=","koWXFvqlZOkrILT+gS2wkVCr5mKOK/joyHt8y/mDqxg=","o42SvaFeElrP1ueum+F6o7I49Vi6JwMYqh9PoEhK+wM="],"block_size":4096,"path":"welcome.9227a010.js"},{"block_hashes":["55vrrQ+CpS4EIviT3b6cpPAZHXb5FKZ99o66vAHCh+g="],"block_size":4096,"path":"welcome.html"},{"block_hashes":["ugeSGncIyNyiR8UXm/btsJhrAiXbTQyauJSXuJWVmdM="],"block_size":4096,"path":"windows1x-header-center.fcb2ef36.png"},{"block_hashes":["SsVoopKbJKZJmAv93FbnEwWpBi7XfF8GRMFkFHpvOO8="],"block_size":4096,"path":"windows1x-header-left-secure.2a7cfb1f.png"},{"block_hashes":["v+4nH6J2hazWf1dAONodEXXPMQ+Vq7E+8dgvFTS6kkA="],"block_size":4096,"path":"windows1x-header-left.2f999a8c.png"},{"block_hashes":["h6zjU+KinWpnCJxk2V708ujCs9vdgVO0ZAsD4latlts="],"block_size":4096,"path":"windows1x-header-right.bb29d1ef.png"}],"version":2}